[0.003s][debug][gc,heap] Minimum heap 33554432  Initial heap 33554432  Maximum heap 33554432
[0,068s][debug][gc,heap] GC(0) Heap before GC invocations=0 (full 0):
[0,068s][debug][gc,heap] GC(0)  garbage-first heap   total 32768K, used 14260K [0x00000000fe000000, 0x0000000100000000)
[0,068s][debug][gc,heap] GC(0)   region size 1024K, 14 young (14336K), 0 survivors (0K)
[0,068s][debug][gc,heap] GC(0)  Metaspace       used 460K, committed 640K, reserved 1114112K
[0,068s][debug][gc,heap] GC(0)   class space    used 26K, committed 128K, reserved 1048576K
[0,069s][info ][gc,heap] GC(0) Eden regions: 14->0(17)
[0,069s][info ][gc,heap] GC(0) Survivor regions: 0->1(2)
[0,069s][info ][gc,heap] GC(0) Old regions: 0->0
[0,069s][info ][gc,heap] GC(0) Archive regions: 2->2
[0,069s][info ][gc,heap] GC(0) Humongous regions: 0->0
[0,069s][debug][gc,heap] GC(0) Heap after GC invocations=1 (full 0):
[0,069s][debug][gc,heap] GC(0)  garbage-first heap   total 32768K, used 1620K [0x00000000fe000000, 0x0000000100000000)
[0,069s][debug][gc,heap] GC(0)   region size 1024K, 1 young (1024K), 1 survivors (1024K)
[0,069s][debug][gc,heap] GC(0)  Metaspace       used 460K, committed 640K, reserved 1114112K
[0,069s][debug][gc,heap] GC(0)   class space    used 26K, committed 128K, reserved 1048576K
[0,072s][debug][gc,heap] GC(1) Heap before GC invocations=1 (full 0):
[0,072s][debug][gc,heap] GC(1)  garbage-first heap   total 32768K, used 18004K [0x00000000fe000000, 0x0000000100000000)
[0,072s][debug][gc,heap] GC(1)   region size 1024K, 18 young (18432K), 1 survivors (1024K)
[0,072s][debug][gc,heap] GC(1)  Metaspace       used 518K, committed 704K, reserved 1114112K
[0,072s][debug][gc,heap] GC(1)   class space    used 30K, committed 128K, reserved 1048576K
[0,073s][info ][gc,heap] GC(1) Eden regions: 17->0(18)
[0,073s][info ][gc,heap] GC(1) Survivor regions: 1->1(3)
[0,073s][info ][gc,heap] GC(1) Old regions: 0->0
[0,073s][info ][gc,heap] GC(1) Archive regions: 2->2
[0,073s][info ][gc,heap] GC(1) Humongous regions: 0->0
[0,073s][debug][gc,heap] GC(1) Heap after GC invocations=2 (full 0):
[0,073s][debug][gc,heap] GC(1)  garbage-first heap   total 32768K, used 1351K [0x00000000fe000000, 0x0000000100000000)
[0,073s][debug][gc,heap] GC(1)   region size 1024K, 1 young (1024K), 1 survivors (1024K)
[0,073s][debug][gc,heap] GC(1)  Metaspace       used 518K, committed 704K, reserved 1114112K
[0,073s][debug][gc,heap] GC(1)   class space    used 30K, committed 128K, reserved 1048576K
[0,074s][debug][gc,heap] GC(2) Heap before GC invocations=2 (full 0):
[0,074s][debug][gc,heap] GC(2)  garbage-first heap   total 32768K, used 18759K [0x00000000fe000000, 0x0000000100000000)
[0,074s][debug][gc,heap] GC(2)   region size 1024K, 19 young (19456K), 1 survivors (1024K)
[0,074s][debug][gc,heap] GC(2)  Metaspace       used 546K, committed 704K, reserved 1114112K
[0,074s][debug][gc,heap] GC(2)   class space    used 34K, committed 128K, reserved 1048576K
[0,075s][info ][gc,heap] GC(2) Eden regions: 18->0(18)
[0,075s][info ][gc,heap] GC(2) Survivor regions: 1->1(3)
[0,075s][info ][gc,heap] GC(2) Old regions: 0->0
[0,075s][info ][gc,heap] GC(2) Archive regions: 2->2
[0,075s][info ][gc,heap] GC(2) Humongous regions: 0->0
[0,075s][debug][gc,heap] GC(2) Heap after GC invocations=3 (full 0):
[0,075s][debug][gc,heap] GC(2)  garbage-first heap   total 32768K, used 1350K [0x00000000fe000000, 0x0000000100000000)
[0,075s][debug][gc,heap] GC(2)   region size 1024K, 1 young (1024K), 1 survivors (1024K)
[0,075s][debug][gc,heap] GC(2)  Metaspace       used 546K, committed 704K, reserved 1114112K
[0,075s][debug][gc,heap] GC(2)   class space    used 34K, committed 128K, reserved 1048576K
[0,076s][debug][gc,heap] GC(3) Heap before GC invocations=3 (full 0):
[0,076s][debug][gc,heap] GC(3)  garbage-first heap   total 32768K, used 18758K [0x00000000fe000000, 0x0000000100000000)
[0,076s][debug][gc,heap] GC(3)   region size 1024K, 19 young (19456K), 1 survivors (1024K)
[0,076s][debug][gc,heap] GC(3)  Metaspace       used 556K, committed 704K, reserved 1114112K
[0,076s][debug][gc,heap] GC(3)   class space    used 34K, committed 128K, reserved 1048576K
[0,077s][info ][gc,heap] GC(3) Eden regions: 18->0(18)
[0,077s][info ][gc,heap] GC(3) Survivor regions: 1->1(3)
[0,077s][info ][gc,heap] GC(3) Old regions: 0->0
[0,077s][info ][gc,heap] GC(3) Archive regions: 2->2
[0,077s][info ][gc,heap] GC(3) Humongous regions: 0->0
[0,077s][debug][gc,heap] GC(3) Heap after GC invocations=4 (full 0):
[0,077s][debug][gc,heap] GC(3)  garbage-first heap   total 32768K, used 1360K [0x00000000fe000000, 0x0000000100000000)
[0,077s][debug][gc,heap] GC(3)   region size 1024K, 1 young (1024K), 1 survivors (1024K)
[0,077s][debug][gc,heap] GC(3)  Metaspace       used 556K, committed 704K, reserved 1114112K
[0,077s][debug][gc,heap] GC(3)   class space    used 34K, committed 128K, reserved 1048576K
[0,078s][debug][gc,heap] GC(4) Heap before GC invocations=4 (full 0):
[0,078s][debug][gc,heap] GC(4)  garbage-first heap   total 32768K, used 18768K [0x00000000fe000000, 0x0000000100000000)
[0,078s][debug][gc,heap] GC(4)   region size 1024K, 19 young (19456K), 1 survivors (1024K)
[0,078s][debug][gc,heap] GC(4)  Metaspace       used 564K, committed 704K, reserved 1114112K
[0,078s][debug][gc,heap] GC(4)   class space    used 36K, committed 128K, reserved 1048576K
[0,079s][info ][gc,heap] GC(4) Eden regions: 18->0(18)
[0,079s][info ][gc,heap] GC(4) Survivor regions: 1->1(3)
[0,079s][info ][gc,heap] GC(4) Old regions: 0->0
[0,079s][info ][gc,heap] GC(4) Archive regions: 2->2
[0,079s][info ][gc,heap] GC(4) Humongous regions: 0->0
[0,079s][debug][gc,heap] GC(4) Heap after GC invocations=5 (full 0):
[0,079s][debug][gc,heap] GC(4)  garbage-first heap   total 32768K, used 1364K [0x00000000fe000000, 0x0000000100000000)
[0,079s][debug][gc,heap] GC(4)   region size 1024K, 1 young (1024K), 1 survivors (1024K)
[0,079s][debug][gc,heap] GC(4)  Metaspace       used 564K, committed 704K, reserved 1114112K
[0,079s][debug][gc,heap] GC(4)   class space    used 36K, committed 128K, reserved 1048576K
[0,101s][debug][gc,heap] GC(5) Heap before GC invocations=5 (full 0):
[0,101s][debug][gc,heap] GC(5)  garbage-first heap   total 32768K, used 20820K [0x00000000fe000000, 0x0000000100000000)
[0,101s][debug][gc,heap] GC(5)   region size 1024K, 19 young (19456K), 1 survivors (1024K)
[0,101s][debug][gc,heap] GC(5)  Metaspace       used 804K, committed 896K, reserved 1114112K
[0,101s][debug][gc,heap] GC(5)   class space    used 62K, committed 128K, reserved 1048576K
[0,105s][info ][gc,heap] GC(5) Eden regions: 18->0(18)
[0,105s][info ][gc,heap] GC(5) Survivor regions: 1->1(3)
[0,105s][info ][gc,heap] GC(5) Old regions: 0->0
[0,105s][info ][gc,heap] GC(5) Archive regions: 2->2
[0,105s][info ][gc,heap] GC(5) Humongous regions: 2->2
[0,105s][debug][gc,heap] GC(5) Heap after GC invocations=6 (full 0):
[0,105s][debug][gc,heap] GC(5)  garbage-first heap   total 32768K, used 3502K [0x00000000fe000000, 0x0000000100000000)
[0,105s][debug][gc,heap] GC(5)   region size 1024K, 1 young (1024K), 1 survivors (1024K)
[0,105s][debug][gc,heap] GC(5)  Metaspace       used 804K, committed 896K, reserved 1114112K
[0,105s][debug][gc,heap] GC(5)   class space    used 62K, committed 128K, reserved 1048576K
[0,598s][debug][gc,heap] GC(6) Heap before GC invocations=6 (full 0):
[0,598s][debug][gc,heap] GC(6)  garbage-first heap   total 32768K, used 20910K [0x00000000fe000000, 0x0000000100000000)
[0,598s][debug][gc,heap] GC(6)   region size 1024K, 19 young (19456K), 1 survivors (1024K)
[0,598s][debug][gc,heap] GC(6)  Metaspace       used 5904K, committed 6080K, reserved 1114112K
[0,598s][debug][gc,heap] GC(6)   class space    used 682K, committed 768K, reserved 1048576K
[0,605s][info ][gc,heap] GC(6) Eden regions: 18->0(16)
[0,606s][info ][gc,heap] GC(6) Survivor regions: 1->3(3)
[0,606s][info ][gc,heap] GC(6) Old regions: 0->0
[0,606s][info ][gc,heap] GC(6) Archive regions: 2->2
[0,606s][info ][gc,heap] GC(6) Humongous regions: 2->2
[0,606s][debug][gc,heap] GC(6) Heap after GC invocations=7 (full 0):
[0,606s][debug][gc,heap] GC(6)  garbage-first heap   total 32768K, used 5418K [0x00000000fe000000, 0x0000000100000000)
[0,606s][debug][gc,heap] GC(6)   region size 1024K, 3 young (3072K), 3 survivors (3072K)
[0,606s][debug][gc,heap] GC(6)  Metaspace       used 5904K, committed 6080K, reserved 1114112K
[0,606s][debug][gc,heap] GC(6)   class space    used 682K, committed 768K, reserved 1048576K
[0,608s][debug][gc,heap] GC(7) Heap before GC invocations=7 (full 0):
[0,608s][debug][gc,heap] GC(7)  garbage-first heap   total 32768K, used 20778K [0x00000000fe000000, 0x0000000100000000)
[0,608s][debug][gc,heap] GC(7)   region size 1024K, 19 young (19456K), 3 survivors (3072K)
[0,608s][debug][gc,heap] GC(7)  Metaspace       used 5904K, committed 6080K, reserved 1114112K
[0,608s][debug][gc,heap] GC(7)   class space    used 682K, committed 768K, reserved 1048576K
[0,612s][info ][gc,heap] GC(7) Eden regions: 16->0(18)
[0,612s][info ][gc,heap] GC(7) Survivor regions: 3->0(3)
[0,612s][info ][gc,heap] GC(7) Old regions: 0->3
[0,612s][info ][gc,heap] GC(7) Archive regions: 2->2
[0,612s][info ][gc,heap] GC(7) Humongous regions: 2->2
[0,612s][debug][gc,heap] GC(7) Heap after GC invocations=8 (full 0):
[0,612s][debug][gc,heap] GC(7)  garbage-first heap   total 32768K, used 5409K [0x00000000fe000000, 0x0000000100000000)
[0,612s][debug][gc,heap] GC(7)   region size 1024K, 0 young (0K), 0 survivors (0K)
[0,612s][debug][gc,heap] GC(7)  Metaspace       used 5904K, committed 6080K, reserved 1114112K
[0,612s][debug][gc,heap] GC(7)   class space    used 682K, committed 768K, reserved 1048576K
[0,613s][debug][gc,heap] GC(8) Heap before GC invocations=8 (full 0):
[0,613s][debug][gc,heap] GC(8)  garbage-first heap   total 32768K, used 22817K [0x00000000fe000000, 0x0000000100000000)
[0,613s][debug][gc,heap] GC(8)   region size 1024K, 18 young (18432K), 0 survivors (0K)
[0,613s][debug][gc,heap] GC(8)  Metaspace       used 5906K, committed 6080K, reserved 1114112K
[0,613s][debug][gc,heap] GC(8)   class space    used 682K, committed 768K, reserved 1048576K
[0,613s][info ][gc,heap] GC(8) Eden regions: 18->0(18)
[0,613s][info ][gc,heap] GC(8) Survivor regions: 0->0(3)
[0,613s][info ][gc,heap] GC(8) Old regions: 3->3
[0,613s][info ][gc,heap] GC(8) Archive regions: 2->2
[0,613s][info ][gc,heap] GC(8) Humongous regions: 2->2
[0,613s][debug][gc,heap] GC(8) Heap after GC invocations=9 (full 0):
[0,613s][debug][gc,heap] GC(8)  garbage-first heap   total 32768K, used 5409K [0x00000000fe000000, 0x0000000100000000)
[0,613s][debug][gc,heap] GC(8)   region size 1024K, 0 young (0K), 0 survivors (0K)
[0,613s][debug][gc,heap] GC(8)  Metaspace       used 5906K, committed 6080K, reserved 1114112K
[0,613s][debug][gc,heap] GC(8)   class space    used 682K, committed 768K, reserved 1048576K
[0,614s][debug][gc,heap] GC(9) Heap before GC invocations=9 (full 0):
[0,614s][debug][gc,heap] GC(9)  garbage-first heap   total 32768K, used 22817K [0x00000000fe000000, 0x0000000100000000)
[0,614s][debug][gc,heap] GC(9)   region size 1024K, 18 young (18432K), 0 survivors (0K)
[0,614s][debug][gc,heap] GC(9)  Metaspace       used 5906K, committed 6080K, reserved 1114112K
[0,614s][debug][gc,heap] GC(9)   class space    used 682K, committed 768K, reserved 1048576K
[0,614s][info ][gc,heap] GC(9) Eden regions: 18->0(19)
[0,614s][info ][gc,heap] GC(9) Survivor regions: 0->0(3)
[0,614s][info ][gc,heap] GC(9) Old regions: 3->3
[0,614s][info ][gc,heap] GC(9) Archive regions: 2->2
[0,614s][info ][gc,heap] GC(9) Humongous regions: 2->2
[0,614s][debug][gc,heap] GC(9) Heap after GC invocations=10 (full 0):
[0,614s][debug][gc,heap] GC(9)  garbage-first heap   total 32768K, used 5409K [0x00000000fe000000, 0x0000000100000000)
[0,614s][debug][gc,heap] GC(9)   region size 1024K, 0 young (0K), 0 survivors (0K)
[0,614s][debug][gc,heap] GC(9)  Metaspace       used 5906K, committed 6080K, reserved 1114112K
[0,614s][debug][gc,heap] GC(9)   class space    used 682K, committed 768K, reserved 1048576K
[0,615s][debug][gc,heap] GC(10) Heap before GC invocations=10 (full 0):
[0,615s][debug][gc,heap] GC(10)  garbage-first heap   total 32768K, used 23841K [0x00000000fe000000, 0x0000000100000000)
[0,615s][debug][gc,heap] GC(10)   region size 1024K, 19 young (19456K), 0 survivors (0K)
[0,615s][debug][gc,heap] GC(10)  Metaspace       used 5906K, committed 6080K, reserved 1114112K
[0,615s][debug][gc,heap] GC(10)   class space    used 682K, committed 768K, reserved 1048576K
[0,616s][info ][gc,heap] GC(10) Eden regions: 19->0(19)
[0,616s][info ][gc,heap] GC(10) Survivor regions: 0->0(3)
[0,616s][info ][gc,heap] GC(10) Old regions: 3->3
[0,616s][info ][gc,heap] GC(10) Archive regions: 2->2
[0,616s][info ][gc,heap] GC(10) Humongous regions: 2->2
[0,616s][debug][gc,heap] GC(10) Heap after GC invocations=11 (full 0):
[0,616s][debug][gc,heap] GC(10)  garbage-first heap   total 32768K, used 5409K [0x00000000fe000000, 0x0000000100000000)
[0,616s][debug][gc,heap] GC(10)   region size 1024K, 0 young (0K), 0 survivors (0K)
[0,616s][debug][gc,heap] GC(10)  Metaspace       used 5906K, committed 6080K, reserved 1114112K
[0,616s][debug][gc,heap] GC(10)   class space    used 682K, committed 768K, reserved 1048576K
[1,117s][debug][gc,heap] GC(11) Heap before GC invocations=11 (full 0):
[1,117s][debug][gc,heap] GC(11)  garbage-first heap   total 32768K, used 25889K [0x00000000fe000000, 0x0000000100000000)
[1,117s][debug][gc,heap] GC(11)   region size 1024K, 19 young (19456K), 0 survivors (0K)
[1,117s][debug][gc,heap] GC(11)  Metaspace       used 5906K, committed 6080K, reserved 1114112K
[1,117s][debug][gc,heap] GC(11)   class space    used 682K, committed 768K, reserved 1048576K
[1,117s][info ][gc,heap] GC(11) Eden regions: 19->0(18)
[1,117s][info ][gc,heap] GC(11) Survivor regions: 0->0(3)
[1,117s][info ][gc,heap] GC(11) Old regions: 3->3
[1,117s][info ][gc,heap] GC(11) Archive regions: 2->2
[1,117s][info ][gc,heap] GC(11) Humongous regions: 4->4
[1,117s][debug][gc,heap] GC(11) Heap after GC invocations=12 (full 0):
[1,117s][debug][gc,heap] GC(11)  garbage-first heap   total 32768K, used 7457K [0x00000000fe000000, 0x0000000100000000)
[1,117s][debug][gc,heap] GC(11)   region size 1024K, 0 young (0K), 0 survivors (0K)
[1,117s][debug][gc,heap] GC(11)  Metaspace       used 5906K, committed 6080K, reserved 1114112K
[1,117s][debug][gc,heap] GC(11)   class space    used 682K, committed 768K, reserved 1048576K
[1,118s][debug][gc,heap] GC(12) Heap before GC invocations=12 (full 0):
[1,118s][debug][gc,heap] GC(12)  garbage-first heap   total 32768K, used 24865K [0x00000000fe000000, 0x0000000100000000)
[1,118s][debug][gc,heap] GC(12)   region size 1024K, 18 young (18432K), 0 survivors (0K)
[1,118s][debug][gc,heap] GC(12)  Metaspace       used 5906K, committed 6080K, reserved 1114112K
[1,118s][debug][gc,heap] GC(12)   class space    used 682K, committed 768K, reserved 1048576K
[1,118s][info ][gc,heap] GC(12) Eden regions: 18->0(19)
[1,118s][info ][gc,heap] GC(12) Survivor regions: 0->0(3)
[1,118s][info ][gc,heap] GC(12) Old regions: 3->3
[1,118s][info ][gc,heap] GC(12) Archive regions: 2->2
[1,118s][info ][gc,heap] GC(12) Humongous regions: 4->4
[1,118s][debug][gc,heap] GC(12) Heap after GC invocations=13 (full 0):
[1,118s][debug][gc,heap] GC(12)  garbage-first heap   total 32768K, used 7457K [0x00000000fe000000, 0x0000000100000000)
[1,118s][debug][gc,heap] GC(12)   region size 1024K, 0 young (0K), 0 survivors (0K)
[1,118s][debug][gc,heap] GC(12)  Metaspace       used 5906K, committed 6080K, reserved 1114112K
[1,118s][debug][gc,heap] GC(12)   class space    used 682K, committed 768K, reserved 1048576K
[1,119s][debug][gc,heap] GC(13) Heap before GC invocations=13 (full 0):
[1,119s][debug][gc,heap] GC(13)  garbage-first heap   total 32768K, used 25889K [0x00000000fe000000, 0x0000000100000000)
[1,119s][debug][gc,heap] GC(13)   region size 1024K, 19 young (19456K), 0 survivors (0K)
[1,119s][debug][gc,heap] GC(13)  Metaspace       used 5906K, committed 6080K, reserved 1114112K
[1,119s][debug][gc,heap] GC(13)   class space    used 682K, committed 768K, reserved 1048576K
[1,119s][info ][gc,heap] GC(13) Eden regions: 19->0(23)
[1,119s][info ][gc,heap] GC(13) Survivor regions: 0->0(3)
[1,119s][info ][gc,heap] GC(13) Old regions: 3->3
[1,119s][info ][gc,heap] GC(13) Archive regions: 2->2
[1,119s][info ][gc,heap] GC(13) Humongous regions: 4->4
[1,119s][debug][gc,heap] GC(13) Heap after GC invocations=14 (full 0):
[1,119s][debug][gc,heap] GC(13)  garbage-first heap   total 32768K, used 7457K [0x00000000fe000000, 0x0000000100000000)
[1,119s][debug][gc,heap] GC(13)   region size 1024K, 0 young (0K), 0 survivors (0K)
[1,119s][debug][gc,heap] GC(13)  Metaspace       used 5906K, committed 6080K, reserved 1114112K
[1,119s][debug][gc,heap] GC(13)   class space    used 682K, committed 768K, reserved 1048576K
[1,120s][debug][gc,heap] GC(14) Heap before GC invocations=14 (full 0):
[1,120s][debug][gc,heap] GC(14)  garbage-first heap   total 32768K, used 27937K [0x00000000fe000000, 0x0000000100000000)
[1,120s][debug][gc,heap] GC(14)   region size 1024K, 22 young (22528K), 0 survivors (0K)
[1,120s][debug][gc,heap] GC(14)  Metaspace       used 5906K, committed 6080K, reserved 1114112K
[1,120s][debug][gc,heap] GC(14)   class space    used 682K, committed 768K, reserved 1048576K
[1,120s][info ][gc,heap] GC(14) Eden regions: 22->0(23)
[1,120s][info ][gc,heap] GC(14) Survivor regions: 0->0(1)
[1,120s][info ][gc,heap] GC(14) Old regions: 3->3
[1,120s][info ][gc,heap] GC(14) Archive regions: 2->2
[1,120s][info ][gc,heap] GC(14) Humongous regions: 4->4
[1,120s][debug][gc,heap] GC(14) Heap after GC invocations=15 (full 0):
[1,120s][debug][gc,heap] GC(14)  garbage-first heap   total 32768K, used 7457K [0x00000000fe000000, 0x0000000100000000)
[1,120s][debug][gc,heap] GC(14)   region size 1024K, 0 young (0K), 0 survivors (0K)
[1,120s][debug][gc,heap] GC(14)  Metaspace       used 5906K, committed 6080K, reserved 1114112K
[1,120s][debug][gc,heap] GC(14)   class space    used 682K, committed 768K, reserved 1048576K
[1,121s][debug][gc,heap] GC(15) Heap before GC invocations=15 (full 0):
[1,121s][debug][gc,heap] GC(15)  garbage-first heap   total 32768K, used 27937K [0x00000000fe000000, 0x0000000100000000)
[1,121s][debug][gc,heap] GC(15)   region size 1024K, 22 young (22528K), 0 survivors (0K)
[1,121s][debug][gc,heap] GC(15)  Metaspace       used 5906K, committed 6080K, reserved 1114112K
[1,121s][debug][gc,heap] GC(15)   class space    used 682K, committed 768K, reserved 1048576K
[1,121s][info ][gc,heap] GC(15) Eden regions: 22->0(26)
[1,121s][info ][gc,heap] GC(15) Survivor regions: 0->0(1)
[1,121s][info ][gc,heap] GC(15) Old regions: 3->3
[1,121s][info ][gc,heap] GC(15) Archive regions: 2->2
[1,121s][info ][gc,heap] GC(15) Humongous regions: 4->4
[1,121s][debug][gc,heap] GC(15) Heap after GC invocations=16 (full 0):
[1,121s][debug][gc,heap] GC(15)  garbage-first heap   total 32768K, used 7457K [0x00000000fe000000, 0x0000000100000000)
[1,121s][debug][gc,heap] GC(15)   region size 1024K, 0 young (0K), 0 survivors (0K)
[1,121s][debug][gc,heap] GC(15)  Metaspace       used 5906K, committed 6080K, reserved 1114112K
[1,121s][debug][gc,heap] GC(15)   class space    used 682K, committed 768K, reserved 1048576K
[1,622s][debug][gc,heap] GC(16) Heap before GC invocations=16 (full 0):
[1,622s][debug][gc,heap] GC(16)  garbage-first heap   total 32768K, used 27937K [0x00000000fe000000, 0x0000000100000000)
[1,622s][debug][gc,heap] GC(16)   region size 1024K, 20 young (20480K), 0 survivors (0K)
[1,622s][debug][gc,heap] GC(16)  Metaspace       used 5912K, committed 6080K, reserved 1114112K
[1,622s][debug][gc,heap] GC(16)   class space    used 682K, committed 768K, reserved 1048576K
[1,622s][info ][gc,heap] GC(16) Eden regions: 20->0(21)
[1,622s][info ][gc,heap] GC(16) Survivor regions: 0->1(1)
[1,622s][info ][gc,heap] GC(16) Old regions: 3->3
[1,622s][info ][gc,heap] GC(16) Archive regions: 2->2
[1,622s][info ][gc,heap] GC(16) Humongous regions: 6->6
[1,622s][debug][gc,heap] GC(16) Heap after GC invocations=17 (full 0):
[1,623s][debug][gc,heap] GC(16)  garbage-first heap   total 32768K, used 9509K [0x00000000fe000000, 0x0000000100000000)
[1,623s][debug][gc,heap] GC(16)   region size 1024K, 1 young (1024K), 1 survivors (1024K)
[1,623s][debug][gc,heap] GC(16)  Metaspace       used 5912K, committed 6080K, reserved 1114112K
[1,623s][debug][gc,heap] GC(16)   class space    used 682K, committed 768K, reserved 1048576K
[1,624s][debug][gc,heap] GC(17) Heap before GC invocations=17 (full 0):
[1,624s][debug][gc,heap] GC(17)  garbage-first heap   total 32768K, used 26917K [0x00000000fe000000, 0x0000000100000000)
[1,624s][debug][gc,heap] GC(17)   region size 1024K, 20 young (20480K), 1 survivors (1024K)
[1,624s][debug][gc,heap] GC(17)  Metaspace       used 5912K, committed 6080K, reserved 1114112K
[1,624s][debug][gc,heap] GC(17)   class space    used 682K, committed 768K, reserved 1048576K
[1,624s][info ][gc,heap] GC(17) Eden regions: 19->0(21)
[1,624s][info ][gc,heap] GC(17) Survivor regions: 1->1(1)
[1,624s][info ][gc,heap] GC(17) Old regions: 3->3
[1,624s][info ][gc,heap] GC(17) Archive regions: 2->2
[1,624s][info ][gc,heap] GC(17) Humongous regions: 6->6
[1,624s][debug][gc,heap] GC(17) Heap after GC invocations=18 (full 0):
[1,624s][debug][gc,heap] GC(17)  garbage-first heap   total 32768K, used 9509K [0x00000000fe000000, 0x0000000100000000)
[1,624s][debug][gc,heap] GC(17)   region size 1024K, 1 young (1024K), 1 survivors (1024K)
[1,624s][debug][gc,heap] GC(17)  Metaspace       used 5912K, committed 6080K, reserved 1114112K
[1,624s][debug][gc,heap] GC(17)   class space    used 682K, committed 768K, reserved 1048576K
[1,625s][debug][gc,heap] GC(18) Heap before GC invocations=18 (full 0):
[1,625s][debug][gc,heap] GC(18)  garbage-first heap   total 32768K, used 26917K [0x00000000fe000000, 0x0000000100000000)
[1,625s][debug][gc,heap] GC(18)   region size 1024K, 20 young (20480K), 1 survivors (1024K)
[1,625s][debug][gc,heap] GC(18)  Metaspace       used 5912K, committed 6080K, reserved 1114112K
[1,625s][debug][gc,heap] GC(18)   class space    used 682K, committed 768K, reserved 1048576K
[1,625s][info ][gc,heap] GC(18) Eden regions: 19->0(21)
[1,625s][info ][gc,heap] GC(18) Survivor regions: 1->1(1)
[1,625s][info ][gc,heap] GC(18) Old regions: 3->3
[1,625s][info ][gc,heap] GC(18) Archive regions: 2->2
[1,625s][info ][gc,heap] GC(18) Humongous regions: 6->6
[1,625s][debug][gc,heap] GC(18) Heap after GC invocations=19 (full 0):
[1,625s][debug][gc,heap] GC(18)  garbage-first heap   total 32768K, used 9509K [0x00000000fe000000, 0x0000000100000000)
[1,625s][debug][gc,heap] GC(18)   region size 1024K, 1 young (1024K), 1 survivors (1024K)
[1,625s][debug][gc,heap] GC(18)  Metaspace       used 5912K, committed 6080K, reserved 1114112K
[1,625s][debug][gc,heap] GC(18)   class space    used 682K, committed 768K, reserved 1048576K
[1,626s][debug][gc,heap] GC(19) Heap before GC invocations=19 (full 0):
[1,626s][debug][gc,heap] GC(19)  garbage-first heap   total 32768K, used 26917K [0x00000000fe000000, 0x0000000100000000)
[1,626s][debug][gc,heap] GC(19)   region size 1024K, 20 young (20480K), 1 survivors (1024K)
[1,626s][debug][gc,heap] GC(19)  Metaspace       used 5912K, committed 6080K, reserved 1114112K
[1,626s][debug][gc,heap] GC(19)   class space    used 682K, committed 768K, reserved 1048576K
[1,626s][info ][gc,heap] GC(19) Eden regions: 19->0(21)
[1,626s][info ][gc,heap] GC(19) Survivor regions: 1->1(1)
[1,626s][info ][gc,heap] GC(19) Old regions: 3->3
[1,626s][info ][gc,heap] GC(19) Archive regions: 2->2
[1,626s][info ][gc,heap] GC(19) Humongous regions: 6->6
[1,626s][debug][gc,heap] GC(19) Heap after GC invocations=20 (full 0):
[1,626s][debug][gc,heap] GC(19)  garbage-first heap   total 32768K, used 9509K [0x00000000fe000000, 0x0000000100000000)
[1,626s][debug][gc,heap] GC(19)   region size 1024K, 1 young (1024K), 1 survivors (1024K)
[1,626s][debug][gc,heap] GC(19)  Metaspace       used 5912K, committed 6080K, reserved 1114112K
[1,626s][debug][gc,heap] GC(19)   class space    used 682K, committed 768K, reserved 1048576K
[1,627s][debug][gc,heap] GC(20) Heap before GC invocations=20 (full 0):
[1,627s][debug][gc,heap] GC(20)  garbage-first heap   total 32768K, used 26917K [0x00000000fe000000, 0x0000000100000000)
[1,627s][debug][gc,heap] GC(20)   region size 1024K, 20 young (20480K), 1 survivors (1024K)
[1,627s][debug][gc,heap] GC(20)  Metaspace       used 5912K, committed 6080K, reserved 1114112K
[1,627s][debug][gc,heap] GC(20)   class space    used 682K, committed 768K, reserved 1048576K
[1,627s][info ][gc,heap] GC(20) Eden regions: 19->0(21)
[1,627s][info ][gc,heap] GC(20) Survivor regions: 1->1(1)
[1,627s][info ][gc,heap] GC(20) Old regions: 3->3
[1,627s][info ][gc,heap] GC(20) Archive regions: 2->2
[1,627s][info ][gc,heap] GC(20) Humongous regions: 6->6
[1,627s][debug][gc,heap] GC(20) Heap after GC invocations=21 (full 0):
[1,627s][debug][gc,heap] GC(20)  garbage-first heap   total 32768K, used 9509K [0x00000000fe000000, 0x0000000100000000)
[1,627s][debug][gc,heap] GC(20)   region size 1024K, 1 young (1024K), 1 survivors (1024K)
[1,627s][debug][gc,heap] GC(20)  Metaspace       used 5912K, committed 6080K, reserved 1114112K
[1,627s][debug][gc,heap] GC(20)   class space    used 682K, committed 768K, reserved 1048576K
[1,628s][debug][gc,heap] GC(21) Heap before GC invocations=21 (full 0):
[1,628s][debug][gc,heap] GC(21)  garbage-first heap   total 32768K, used 26917K [0x00000000fe000000, 0x0000000100000000)
[1,628s][debug][gc,heap] GC(21)   region size 1024K, 20 young (20480K), 1 survivors (1024K)
[1,628s][debug][gc,heap] GC(21)  Metaspace       used 5912K, committed 6080K, reserved 1114112K
[1,628s][debug][gc,heap] GC(21)   class space    used 682K, committed 768K, reserved 1048576K
[1,628s][info ][gc,heap] GC(21) Eden regions: 19->0(21)
[1,628s][info ][gc,heap] GC(21) Survivor regions: 1->1(1)
[1,628s][info ][gc,heap] GC(21) Old regions: 3->3
[1,628s][info ][gc,heap] GC(21) Archive regions: 2->2
[1,628s][info ][gc,heap] GC(21) Humongous regions: 6->6
[1,628s][debug][gc,heap] GC(21) Heap after GC invocations=22 (full 0):
[1,628s][debug][gc,heap] GC(21)  garbage-first heap   total 32768K, used 9509K [0x00000000fe000000, 0x0000000100000000)
[1,628s][debug][gc,heap] GC(21)   region size 1024K, 1 young (1024K), 1 survivors (1024K)
[1,628s][debug][gc,heap] GC(21)  Metaspace       used 5912K, committed 6080K, reserved 1114112K
[1,628s][debug][gc,heap] GC(21)   class space    used 682K, committed 768K, reserved 1048576K
[2,130s][debug][gc,heap] GC(22) Heap before GC invocations=22 (full 0):
[2,130s][debug][gc,heap] GC(22)  garbage-first heap   total 32768K, used 26917K [0x00000000fe000000, 0x0000000100000000)
[2,130s][debug][gc,heap] GC(22)   region size 1024K, 18 young (18432K), 1 survivors (1024K)
[2,130s][debug][gc,heap] GC(22)  Metaspace       used 5912K, committed 6080K, reserved 1114112K
[2,130s][debug][gc,heap] GC(22)   class space    used 682K, committed 768K, reserved 1048576K
[2,130s][info ][gc,heap] GC(22) Eden regions: 17->0(18)
[2,130s][info ][gc,heap] GC(22) Survivor regions: 1->1(1)
[2,130s][info ][gc,heap] GC(22) Old regions: 3->3
[2,130s][info ][gc,heap] GC(22) Archive regions: 2->2
[2,130s][info ][gc,heap] GC(22) Humongous regions: 8->8
[2,130s][debug][gc,heap] GC(22) Heap after GC invocations=23 (full 0):
[2,130s][debug][gc,heap] GC(22)  garbage-first heap   total 32768K, used 11557K [0x00000000fe000000, 0x0000000100000000)
[2,130s][debug][gc,heap] GC(22)   region size 1024K, 1 young (1024K), 1 survivors (1024K)
[2,130s][debug][gc,heap] GC(22)  Metaspace       used 5912K, committed 6080K, reserved 1114112K
[2,130s][debug][gc,heap] GC(22)   class space    used 682K, committed 768K, reserved 1048576K
[2,131s][debug][gc,heap] GC(23) Heap before GC invocations=23 (full 0):
[2,131s][debug][gc,heap] GC(23)  garbage-first heap   total 32768K, used 26917K [0x00000000fe000000, 0x0000000100000000)
[2,131s][debug][gc,heap] GC(23)   region size 1024K, 18 young (18432K), 1 survivors (1024K)
[2,131s][debug][gc,heap] GC(23)  Metaspace       used 5912K, committed 6080K, reserved 1114112K
[2,131s][debug][gc,heap] GC(23)   class space    used 682K, committed 768K, reserved 1048576K
[2,131s][info ][gc,heap] GC(23) Eden regions: 17->0(21)
[2,131s][info ][gc,heap] GC(23) Survivor regions: 1->1(1)
[2,131s][info ][gc,heap] GC(23) Old regions: 3->3
[2,131s][info ][gc,heap] GC(23) Archive regions: 2->2
[2,131s][info ][gc,heap] GC(23) Humongous regions: 8->8
[2,131s][debug][gc,heap] GC(23) Heap after GC invocations=24 (full 0):
[2,131s][debug][gc,heap] GC(23)  garbage-first heap   total 32768K, used 11557K [0x00000000fe000000, 0x0000000100000000)
[2,131s][debug][gc,heap] GC(23)   region size 1024K, 1 young (1024K), 1 survivors (1024K)
[2,131s][debug][gc,heap] GC(23)  Metaspace       used 5912K, committed 6080K, reserved 1114112K
[2,131s][debug][gc,heap] GC(23)   class space    used 682K, committed 768K, reserved 1048576K
[2,131s][debug][gc,heap] GC(24) Heap before GC invocations=24 (full 0):
[2,131s][debug][gc,heap] GC(24)  garbage-first heap   total 32768K, used 26917K [0x00000000fe000000, 0x0000000100000000)
[2,131s][debug][gc,heap] GC(24)   region size 1024K, 18 young (18432K), 1 survivors (1024K)
[2,131s][debug][gc,heap] GC(24)  Metaspace       used 5912K, committed 6080K, reserved 1114112K
[2,131s][debug][gc,heap] GC(24)   class space    used 682K, committed 768K, reserved 1048576K
[2,132s][info ][gc,heap] GC(24) Eden regions: 17->0(24)
[2,132s][info ][gc,heap] GC(24) Survivor regions: 1->1(1)
[2,132s][info ][gc,heap] GC(24) Old regions: 3->3
[2,132s][info ][gc,heap] GC(24) Archive regions: 2->2
[2,132s][info ][gc,heap] GC(24) Humongous regions: 8->8
[2,132s][debug][gc,heap] GC(24) Heap after GC invocations=25 (full 0):
[2,132s][debug][gc,heap] GC(24)  garbage-first heap   total 32768K, used 11557K [0x00000000fe000000, 0x0000000100000000)
[2,132s][debug][gc,heap] GC(24)   region size 1024K, 1 young (1024K), 1 survivors (1024K)
[2,132s][debug][gc,heap] GC(24)  Metaspace       used 5912K, committed 6080K, reserved 1114112K
[2,132s][debug][gc,heap] GC(24)   class space    used 682K, committed 768K, reserved 1048576K
[2,132s][debug][gc,heap] GC(25) Heap before GC invocations=25 (full 0):
[2,132s][debug][gc,heap] GC(25)  garbage-first heap   total 32768K, used 26917K [0x00000000fe000000, 0x0000000100000000)
[2,132s][debug][gc,heap] GC(25)   region size 1024K, 18 young (18432K), 1 survivors (1024K)
[2,132s][debug][gc,heap] GC(25)  Metaspace       used 5912K, committed 6080K, reserved 1114112K
[2,132s][debug][gc,heap] GC(25)   class space    used 682K, committed 768K, reserved 1048576K
[2,132s][info ][gc,heap] GC(25) Eden regions: 17->0(24)
[2,132s][info ][gc,heap] GC(25) Survivor regions: 1->1(1)
[2,132s][info ][gc,heap] GC(25) Old regions: 3->3
[2,132s][info ][gc,heap] GC(25) Archive regions: 2->2
[2,132s][info ][gc,heap] GC(25) Humongous regions: 8->8
[2,132s][debug][gc,heap] GC(25) Heap after GC invocations=26 (full 0):
[2,132s][debug][gc,heap] GC(25)  garbage-first heap   total 32768K, used 11557K [0x00000000fe000000, 0x0000000100000000)
[2,132s][debug][gc,heap] GC(25)   region size 1024K, 1 young (1024K), 1 survivors (1024K)
[2,132s][debug][gc,heap] GC(25)  Metaspace       used 5912K, committed 6080K, reserved 1114112K
[2,132s][debug][gc,heap] GC(25)   class space    used 682K, committed 768K, reserved 1048576K
[2,133s][debug][gc,heap] GC(26) Heap before GC invocations=26 (full 0):
[2,133s][debug][gc,heap] GC(26)  garbage-first heap   total 32768K, used 26917K [0x00000000fe000000, 0x0000000100000000)
[2,133s][debug][gc,heap] GC(26)   region size 1024K, 18 young (18432K), 1 survivors (1024K)
[2,133s][debug][gc,heap] GC(26)  Metaspace       used 5912K, committed 6080K, reserved 1114112K
[2,133s][debug][gc,heap] GC(26)   class space    used 682K, committed 768K, reserved 1048576K
[2,133s][info ][gc,heap] GC(26) Eden regions: 17->0(24)
[2,133s][info ][gc,heap] GC(26) Survivor regions: 1->1(1)
[2,133s][info ][gc,heap] GC(26) Old regions: 3->3
[2,133s][info ][gc,heap] GC(26) Archive regions: 2->2
[2,133s][info ][gc,heap] GC(26) Humongous regions: 8->8
[2,133s][debug][gc,heap] GC(26) Heap after GC invocations=27 (full 0):
[2,133s][debug][gc,heap] GC(26)  garbage-first heap   total 32768K, used 11557K [0x00000000fe000000, 0x0000000100000000)
[2,133s][debug][gc,heap] GC(26)   region size 1024K, 1 young (1024K), 1 survivors (1024K)
[2,133s][debug][gc,heap] GC(26)  Metaspace       used 5912K, committed 6080K, reserved 1114112K
[2,133s][debug][gc,heap] GC(26)   class space    used 682K, committed 768K, reserved 1048576K
[2,134s][debug][gc,heap] GC(27) Heap before GC invocations=27 (full 0):
[2,134s][debug][gc,heap] GC(27)  garbage-first heap   total 32768K, used 26917K [0x00000000fe000000, 0x0000000100000000)
[2,134s][debug][gc,heap] GC(27)   region size 1024K, 18 young (18432K), 1 survivors (1024K)
[2,134s][debug][gc,heap] GC(27)  Metaspace       used 5912K, committed 6080K, reserved 1114112K
[2,134s][debug][gc,heap] GC(27)   class space    used 682K, committed 768K, reserved 1048576K
[2,134s][info ][gc,heap] GC(27) Eden regions: 17->0(25)
[2,134s][info ][gc,heap] GC(27) Survivor regions: 1->1(1)
[2,134s][info ][gc,heap] GC(27) Old regions: 3->3
[2,134s][info ][gc,heap] GC(27) Archive regions: 2->2
[2,134s][info ][gc,heap] GC(27) Humongous regions: 8->8
[2,134s][debug][gc,heap] GC(27) Heap after GC invocations=28 (full 0):
[2,134s][debug][gc,heap] GC(27)  garbage-first heap   total 32768K, used 11557K [0x00000000fe000000, 0x0000000100000000)
[2,134s][debug][gc,heap] GC(27)   region size 1024K, 1 young (1024K), 1 survivors (1024K)
[2,134s][debug][gc,heap] GC(27)  Metaspace       used 5912K, committed 6080K, reserved 1114112K
[2,134s][debug][gc,heap] GC(27)   class space    used 682K, committed 768K, reserved 1048576K
[2,635s][debug][gc,heap] GC(28) Heap before GC invocations=28 (full 0):
[2,635s][debug][gc,heap] GC(28)  garbage-first heap   total 32768K, used 26917K [0x00000000fe000000, 0x0000000100000000)
[2,635s][debug][gc,heap] GC(28)   region size 1024K, 16 young (16384K), 1 survivors (1024K)
[2,635s][debug][gc,heap] GC(28)  Metaspace       used 5941K, committed 6144K, reserved 1114112K
[2,635s][debug][gc,heap] GC(28)   class space    used 683K, committed 768K, reserved 1048576K
[2,635s][info ][gc,heap] GC(28) Eden regions: 15->0(21)
[2,635s][info ][gc,heap] GC(28) Survivor regions: 1->1(1)
[2,635s][info ][gc,heap] GC(28) Old regions: 3->3
[2,635s][info ][gc,heap] GC(28) Archive regions: 2->2
[2,635s][info ][gc,heap] GC(28) Humongous regions: 10->10
[2,635s][debug][gc,heap] GC(28) Heap after GC invocations=29 (full 0):
[2,635s][debug][gc,heap] GC(28)  garbage-first heap   total 32768K, used 13605K [0x00000000fe000000, 0x0000000100000000)
[2,635s][debug][gc,heap] GC(28)   region size 1024K, 1 young (1024K), 1 survivors (1024K)
[2,635s][debug][gc,heap] GC(28)  Metaspace       used 5941K, committed 6144K, reserved 1114112K
[2,635s][debug][gc,heap] GC(28)   class space    used 683K, committed 768K, reserved 1048576K
[2,636s][debug][gc,heap] GC(29) Heap before GC invocations=29 (full 0):
[2,636s][debug][gc,heap] GC(29)  garbage-first heap   total 32768K, used 26917K [0x00000000fe000000, 0x0000000100000000)
[2,636s][debug][gc,heap] GC(29)   region size 1024K, 16 young (16384K), 1 survivors (1024K)
[2,636s][debug][gc,heap] GC(29)  Metaspace       used 5941K, committed 6144K, reserved 1114112K
[2,636s][debug][gc,heap] GC(29)   class space    used 683K, committed 768K, reserved 1048576K
[2,636s][info ][gc,heap] GC(29) Eden regions: 15->0(24)
[2,636s][info ][gc,heap] GC(29) Survivor regions: 1->1(1)
[2,636s][info ][gc,heap] GC(29) Old regions: 3->3
[2,636s][info ][gc,heap] GC(29) Archive regions: 2->2
[2,636s][info ][gc,heap] GC(29) Humongous regions: 10->10
[2,636s][debug][gc,heap] GC(29) Heap after GC invocations=30 (full 0):
[2,636s][debug][gc,heap] GC(29)  garbage-first heap   total 32768K, used 13607K [0x00000000fe000000, 0x0000000100000000)
[2,636s][debug][gc,heap] GC(29)   region size 1024K, 1 young (1024K), 1 survivors (1024K)
[2,636s][debug][gc,heap] GC(29)  Metaspace       used 5941K, committed 6144K, reserved 1114112K
[2,636s][debug][gc,heap] GC(29)   class space    used 683K, committed 768K, reserved 1048576K
[2,637s][debug][gc,heap] GC(31) Heap before GC invocations=30 (full 0):
[2,637s][debug][gc,heap] GC(31)  garbage-first heap   total 32768K, used 26919K [0x00000000fe000000, 0x0000000100000000)
[2,637s][debug][gc,heap] GC(31)   region size 1024K, 16 young (16384K), 1 survivors (1024K)
[2,637s][debug][gc,heap] GC(31)  Metaspace       used 5941K, committed 6144K, reserved 1114112K
[2,637s][debug][gc,heap] GC(31)   class space    used 683K, committed 768K, reserved 1048576K
[2,637s][info ][gc,heap] GC(31) Eden regions: 15->0(22)
[2,637s][info ][gc,heap] GC(31) Survivor regions: 1->1(1)
[2,637s][info ][gc,heap] GC(31) Old regions: 3->3
[2,637s][info ][gc,heap] GC(31) Archive regions: 2->2
[2,637s][info ][gc,heap] GC(31) Humongous regions: 10->10
[2,637s][debug][gc,heap] GC(31) Heap after GC invocations=31 (full 0):
[2,637s][debug][gc,heap] GC(31)  garbage-first heap   total 32768K, used 13607K [0x00000000fe000000, 0x0000000100000000)
[2,637s][debug][gc,heap] GC(31)   region size 1024K, 1 young (1024K), 1 survivors (1024K)
[2,637s][debug][gc,heap] GC(31)  Metaspace       used 5941K, committed 6144K, reserved 1114112K
[2,637s][debug][gc,heap] GC(31)   class space    used 683K, committed 768K, reserved 1048576K
[2,638s][debug][gc,heap] GC(32) Heap before GC invocations=31 (full 0):
[2,638s][debug][gc,heap] GC(32)  garbage-first heap   total 32768K, used 26919K [0x00000000fe000000, 0x0000000100000000)
[2,638s][debug][gc,heap] GC(32)   region size 1024K, 16 young (16384K), 1 survivors (1024K)
[2,638s][debug][gc,heap] GC(32)  Metaspace       used 5941K, committed 6144K, reserved 1114112K
[2,638s][debug][gc,heap] GC(32)   class space    used 683K, committed 768K, reserved 1048576K
[2,638s][info ][gc,heap] GC(32) Eden regions: 15->0(23)
[2,638s][info ][gc,heap] GC(32) Survivor regions: 1->1(1)
[2,638s][info ][gc,heap] GC(32) Old regions: 3->3
[2,638s][info ][gc,heap] GC(32) Archive regions: 2->2
[2,638s][info ][gc,heap] GC(32) Humongous regions: 10->10
[2,638s][debug][gc,heap] GC(32) Heap after GC invocations=32 (full 0):
[2,638s][debug][gc,heap] GC(32)  garbage-first heap   total 32768K, used 13607K [0x00000000fe000000, 0x0000000100000000)
[2,638s][debug][gc,heap] GC(32)   region size 1024K, 1 young (1024K), 1 survivors (1024K)
[2,638s][debug][gc,heap] GC(32)  Metaspace       used 5941K, committed 6144K, reserved 1114112K
[2,638s][debug][gc,heap] GC(32)   class space    used 683K, committed 768K, reserved 1048576K
[2,640s][debug][gc,heap] GC(33) Heap before GC invocations=32 (full 0):
[2,640s][debug][gc,heap] GC(33)  garbage-first heap   total 32768K, used 26919K [0x00000000fe000000, 0x0000000100000000)
[2,640s][debug][gc,heap] GC(33)   region size 1024K, 16 young (16384K), 1 survivors (1024K)
[2,640s][debug][gc,heap] GC(33)  Metaspace       used 5941K, committed 6144K, reserved 1114112K
[2,640s][debug][gc,heap] GC(33)   class space    used 683K, committed 768K, reserved 1048576K
[2,640s][info ][gc,heap] GC(33) Eden regions: 15->0(20)
[2,640s][info ][gc,heap] GC(33) Survivor regions: 1->1(1)
[2,640s][info ][gc,heap] GC(33) Old regions: 3->3
[2,640s][info ][gc,heap] GC(33) Archive regions: 2->2
[2,640s][info ][gc,heap] GC(33) Humongous regions: 10->10
[2,640s][debug][gc,heap] GC(33) Heap after GC invocations=33 (full 0):
[2,640s][debug][gc,heap] GC(33)  garbage-first heap   total 32768K, used 13607K [0x00000000fe000000, 0x0000000100000000)
[2,640s][debug][gc,heap] GC(33)   region size 1024K, 1 young (1024K), 1 survivors (1024K)
[2,640s][debug][gc,heap] GC(33)  Metaspace       used 5941K, committed 6144K, reserved 1114112K
[2,640s][debug][gc,heap] GC(33)   class space    used 683K, committed 768K, reserved 1048576K
[2,641s][debug][gc,heap] GC(34) Heap before GC invocations=33 (full 0):
[2,641s][debug][gc,heap] GC(34)  garbage-first heap   total 32768K, used 26919K [0x00000000fe000000, 0x0000000100000000)
[2,641s][debug][gc,heap] GC(34)   region size 1024K, 16 young (16384K), 1 survivors (1024K)
[2,641s][debug][gc,heap] GC(34)  Metaspace       used 5941K, committed 6144K, reserved 1114112K
[2,641s][debug][gc,heap] GC(34)   class space    used 683K, committed 768K, reserved 1048576K
[2,642s][info ][gc,heap] GC(34) Eden regions: 15->0(20)
[2,642s][info ][gc,heap] GC(34) Survivor regions: 1->1(1)
[2,642s][info ][gc,heap] GC(34) Old regions: 3->3
[2,642s][info ][gc,heap] GC(34) Archive regions: 2->2
[2,642s][info ][gc,heap] GC(34) Humongous regions: 10->10
[2,642s][debug][gc,heap] GC(34) Heap after GC invocations=34 (full 0):
[2,642s][debug][gc,heap] GC(34)  garbage-first heap   total 32768K, used 13607K [0x00000000fe000000, 0x0000000100000000)
[2,642s][debug][gc,heap] GC(34)   region size 1024K, 1 young (1024K), 1 survivors (1024K)
[2,642s][debug][gc,heap] GC(34)  Metaspace       used 5941K, committed 6144K, reserved 1114112K
[2,642s][debug][gc,heap] GC(34)   class space    used 683K, committed 768K, reserved 1048576K
[2,642s][debug][gc,heap] GC(35) Heap before GC invocations=35 (full 0):
[2,642s][debug][gc,heap] GC(35)  garbage-first heap   total 32768K, used 24871K [0x00000000fe000000, 0x0000000100000000)
[2,642s][debug][gc,heap] GC(35)   region size 1024K, 14 young (14336K), 1 survivors (1024K)
[2,642s][debug][gc,heap] GC(35)  Metaspace       used 5941K, committed 6144K, reserved 1114112K
[2,642s][debug][gc,heap] GC(35)   class space    used 683K, committed 768K, reserved 1048576K
[2,643s][info ][gc,heap] GC(35) Eden regions: 13->0(20)
[2,643s][info ][gc,heap] GC(35) Survivor regions: 1->1(3)
[2,643s][info ][gc,heap] GC(35) Old regions: 3->3
[2,643s][info ][gc,heap] GC(35) Archive regions: 2->2
[2,643s][info ][gc,heap] GC(35) Humongous regions: 10->10
[2,643s][debug][gc,heap] GC(35) Heap after GC invocations=36 (full 0):
[2,643s][debug][gc,heap] GC(35)  garbage-first heap   total 32768K, used 13607K [0x00000000fe000000, 0x0000000100000000)
[2,643s][debug][gc,heap] GC(35)   region size 1024K, 1 young (1024K), 1 survivors (1024K)
[2,643s][debug][gc,heap] GC(35)  Metaspace       used 5941K, committed 6144K, reserved 1114112K
[2,643s][debug][gc,heap] GC(35)   class space    used 683K, committed 768K, reserved 1048576K
[3,143s][debug][gc,heap] GC(37) Heap before GC invocations=37 (full 0):
[3,143s][debug][gc,heap] GC(37)  garbage-first heap   total 32768K, used 25895K [0x00000000fe000000, 0x0000000100000000)
[3,143s][debug][gc,heap] GC(37)   region size 1024K, 12 young (12288K), 1 survivors (1024K)
[3,143s][debug][gc,heap] GC(37)  Metaspace       used 5941K, committed 6144K, reserved 1114112K
[3,143s][debug][gc,heap] GC(37)   class space    used 683K, committed 768K, reserved 1048576K
[3,144s][info ][gc,heap] GC(37) Eden regions: 11->0(16)
[3,144s][info ][gc,heap] GC(37) Survivor regions: 1->1(2)
[3,144s][info ][gc,heap] GC(37) Old regions: 3->3
[3,144s][info ][gc,heap] GC(37) Archive regions: 2->2
[3,144s][info ][gc,heap] GC(37) Humongous regions: 12->12
[3,144s][debug][gc,heap] GC(37) Heap after GC invocations=38 (full 0):
[3,144s][debug][gc,heap] GC(37)  garbage-first heap   total 32768K, used 15655K [0x00000000fe000000, 0x0000000100000000)
[3,144s][debug][gc,heap] GC(37)   region size 1024K, 1 young (1024K), 1 survivors (1024K)
[3,144s][debug][gc,heap] GC(37)  Metaspace       used 5941K, committed 6144K, reserved 1114112K
[3,144s][debug][gc,heap] GC(37)   class space    used 683K, committed 768K, reserved 1048576K
[3,144s][debug][gc,heap] GC(38) Heap before GC invocations=38 (full 0):
[3,144s][debug][gc,heap] GC(38)  garbage-first heap   total 32768K, used 26919K [0x00000000fe000000, 0x0000000100000000)
[3,144s][debug][gc,heap] GC(38)   region size 1024K, 14 young (14336K), 1 survivors (1024K)
[3,144s][debug][gc,heap] GC(38)  Metaspace       used 5941K, committed 6144K, reserved 1114112K
[3,144s][debug][gc,heap] GC(38)   class space    used 683K, committed 768K, reserved 1048576K
[3,144s][info ][gc,heap] GC(38) Eden regions: 13->0(20)
[3,144s][info ][gc,heap] GC(38) Survivor regions: 1->1(1)
[3,144s][info ][gc,heap] GC(38) Old regions: 3->3
[3,144s][info ][gc,heap] GC(38) Archive regions: 2->2
[3,144s][info ][gc,heap] GC(38) Humongous regions: 12->12
[3,144s][debug][gc,heap] GC(38) Heap after GC invocations=39 (full 0):
[3,144s][debug][gc,heap] GC(38)  garbage-first heap   total 32768K, used 15655K [0x00000000fe000000, 0x0000000100000000)
[3,144s][debug][gc,heap] GC(38)   region size 1024K, 1 young (1024K), 1 survivors (1024K)
[3,144s][debug][gc,heap] GC(38)  Metaspace       used 5941K, committed 6144K, reserved 1114112K
[3,144s][debug][gc,heap] GC(38)   class space    used 683K, committed 768K, reserved 1048576K
[3,145s][debug][gc,heap] GC(40) Heap before GC invocations=39 (full 0):
[3,145s][debug][gc,heap] GC(40)  garbage-first heap   total 32768K, used 26919K [0x00000000fe000000, 0x0000000100000000)
[3,145s][debug][gc,heap] GC(40)   region size 1024K, 14 young (14336K), 1 survivors (1024K)
[3,145s][debug][gc,heap] GC(40)  Metaspace       used 5941K, committed 6144K, reserved 1114112K
[3,145s][debug][gc,heap] GC(40)   class space    used 683K, committed 768K, reserved 1048576K
[3,145s][info ][gc,heap] GC(40) Eden regions: 13->0(21)
[3,145s][info ][gc,heap] GC(40) Survivor regions: 1->1(1)
[3,145s][info ][gc,heap] GC(40) Old regions: 3->3
[3,145s][info ][gc,heap] GC(40) Archive regions: 2->2
[3,145s][info ][gc,heap] GC(40) Humongous regions: 12->12
[3,145s][debug][gc,heap] GC(40) Heap after GC invocations=40 (full 0):
[3,145s][debug][gc,heap] GC(40)  garbage-first heap   total 32768K, used 15655K [0x00000000fe000000, 0x0000000100000000)
[3,145s][debug][gc,heap] GC(40)   region size 1024K, 1 young (1024K), 1 survivors (1024K)
[3,145s][debug][gc,heap] GC(40)  Metaspace       used 5941K, committed 6144K, reserved 1114112K
[3,145s][debug][gc,heap] GC(40)   class space    used 683K, committed 768K, reserved 1048576K
[3,146s][debug][gc,heap] GC(41) Heap before GC invocations=40 (full 0):
[3,146s][debug][gc,heap] GC(41)  garbage-first heap   total 32768K, used 26919K [0x00000000fe000000, 0x0000000100000000)
[3,146s][debug][gc,heap] GC(41)   region size 1024K, 14 young (14336K), 1 survivors (1024K)
[3,146s][debug][gc,heap] GC(41)  Metaspace       used 5941K, committed 6144K, reserved 1114112K
[3,146s][debug][gc,heap] GC(41)   class space    used 683K, committed 768K, reserved 1048576K
[3,146s][info ][gc,heap] GC(41) Eden regions: 13->0(23)
[3,146s][info ][gc,heap] GC(41) Survivor regions: 1->1(1)
[3,146s][info ][gc,heap] GC(41) Old regions: 3->3
[3,146s][info ][gc,heap] GC(41) Archive regions: 2->2
[3,146s][info ][gc,heap] GC(41) Humongous regions: 12->12
[3,146s][debug][gc,heap] GC(41) Heap after GC invocations=41 (full 0):
[3,146s][debug][gc,heap] GC(41)  garbage-first heap   total 32768K, used 15655K [0x00000000fe000000, 0x0000000100000000)
[3,146s][debug][gc,heap] GC(41)   region size 1024K, 1 young (1024K), 1 survivors (1024K)
[3,146s][debug][gc,heap] GC(41)  Metaspace       used 5941K, committed 6144K, reserved 1114112K
[3,146s][debug][gc,heap] GC(41)   class space    used 683K, committed 768K, reserved 1048576K
[3,146s][debug][gc,heap] GC(42) Heap before GC invocations=41 (full 0):
[3,146s][debug][gc,heap] GC(42)  garbage-first heap   total 32768K, used 26919K [0x00000000fe000000, 0x0000000100000000)
[3,146s][debug][gc,heap] GC(42)   region size 1024K, 14 young (14336K), 1 survivors (1024K)
[3,146s][debug][gc,heap] GC(42)  Metaspace       used 5941K, committed 6144K, reserved 1114112K
[3,147s][debug][gc,heap] GC(42)   class space    used 683K, committed 768K, reserved 1048576K
[3,147s][info ][gc,heap] GC(42) Eden regions: 13->0(23)
[3,147s][info ][gc,heap] GC(42) Survivor regions: 1->1(1)
[3,147s][info ][gc,heap] GC(42) Old regions: 3->3
[3,147s][info ][gc,heap] GC(42) Archive regions: 2->2
[3,147s][info ][gc,heap] GC(42) Humongous regions: 12->12
[3,147s][debug][gc,heap] GC(42) Heap after GC invocations=42 (full 0):
[3,147s][debug][gc,heap] GC(42)  garbage-first heap   total 32768K, used 15655K [0x00000000fe000000, 0x0000000100000000)
[3,147s][debug][gc,heap] GC(42)   region size 1024K, 1 young (1024K), 1 survivors (1024K)
[3,147s][debug][gc,heap] GC(42)  Metaspace       used 5941K, committed 6144K, reserved 1114112K
[3,147s][debug][gc,heap] GC(42)   class space    used 683K, committed 768K, reserved 1048576K
[3,148s][debug][gc,heap] GC(43) Heap before GC invocations=42 (full 0):
[3,148s][debug][gc,heap] GC(43)  garbage-first heap   total 32768K, used 26919K [0x00000000fe000000, 0x0000000100000000)
[3,148s][debug][gc,heap] GC(43)   region size 1024K, 14 young (14336K), 1 survivors (1024K)
[3,148s][debug][gc,heap] GC(43)  Metaspace       used 5941K, committed 6144K, reserved 1114112K
[3,148s][debug][gc,heap] GC(43)   class space    used 683K, committed 768K, reserved 1048576K
[3,148s][info ][gc,heap] GC(43) Eden regions: 13->0(22)
[3,148s][info ][gc,heap] GC(43) Survivor regions: 1->1(1)
[3,148s][info ][gc,heap] GC(43) Old regions: 3->3
[3,148s][info ][gc,heap] GC(43) Archive regions: 2->2
[3,148s][info ][gc,heap] GC(43) Humongous regions: 12->12
[3,148s][debug][gc,heap] GC(43) Heap after GC invocations=43 (full 0):
[3,148s][debug][gc,heap] GC(43)  garbage-first heap   total 32768K, used 15655K [0x00000000fe000000, 0x0000000100000000)
[3,148s][debug][gc,heap] GC(43)   region size 1024K, 1 young (1024K), 1 survivors (1024K)
[3,148s][debug][gc,heap] GC(43)  Metaspace       used 5941K, committed 6144K, reserved 1114112K
[3,148s][debug][gc,heap] GC(43)   class space    used 683K, committed 768K, reserved 1048576K
[3,148s][debug][gc,heap] GC(44) Heap before GC invocations=44 (full 0):
[3,148s][debug][gc,heap] GC(44)  garbage-first heap   total 32768K, used 26919K [0x00000000fe000000, 0x0000000100000000)
[3,148s][debug][gc,heap] GC(44)   region size 1024K, 14 young (14336K), 1 survivors (1024K)
[3,149s][debug][gc,heap] GC(44)  Metaspace       used 5941K, committed 6144K, reserved 1114112K
[3,149s][debug][gc,heap] GC(44)   class space    used 683K, committed 768K, reserved 1048576K
[3,149s][info ][gc,heap] GC(44) Eden regions: 13->0(22)
[3,149s][info ][gc,heap] GC(44) Survivor regions: 1->1(1)
[3,149s][info ][gc,heap] GC(44) Old regions: 3->3
[3,149s][info ][gc,heap] GC(44) Archive regions: 2->2
[3,149s][info ][gc,heap] GC(44) Humongous regions: 12->12
[3,149s][debug][gc,heap] GC(44) Heap after GC invocations=45 (full 0):
[3,149s][debug][gc,heap] GC(44)  garbage-first heap   total 32768K, used 15655K [0x00000000fe000000, 0x0000000100000000)
[3,149s][debug][gc,heap] GC(44)   region size 1024K, 1 young (1024K), 1 survivors (1024K)
[3,149s][debug][gc,heap] GC(44)  Metaspace       used 5941K, committed 6144K, reserved 1114112K
[3,149s][debug][gc,heap] GC(44)   class space    used 683K, committed 768K, reserved 1048576K
[3,149s][debug][gc,heap] GC(45) Heap before GC invocations=45 (full 0):
[3,149s][debug][gc,heap] GC(45)  garbage-first heap   total 32768K, used 25895K [0x00000000fe000000, 0x0000000100000000)
[3,149s][debug][gc,heap] GC(45)   region size 1024K, 13 young (13312K), 1 survivors (1024K)
[3,149s][debug][gc,heap] GC(45)  Metaspace       used 5941K, committed 6144K, reserved 1114112K
[3,149s][debug][gc,heap] GC(45)   class space    used 683K, committed 768K, reserved 1048576K
[3,149s][info ][gc,heap] GC(45) Eden regions: 12->0(24)
[3,149s][info ][gc,heap] GC(45) Survivor regions: 1->1(2)
[3,149s][info ][gc,heap] GC(45) Old regions: 3->3
[3,149s][info ][gc,heap] GC(45) Archive regions: 2->2
[3,149s][info ][gc,heap] GC(45) Humongous regions: 12->12
[3,149s][debug][gc,heap] GC(45) Heap after GC invocations=46 (full 0):
[3,149s][debug][gc,heap] GC(45)  garbage-first heap   total 32768K, used 15655K [0x00000000fe000000, 0x0000000100000000)
[3,149s][debug][gc,heap] GC(45)   region size 1024K, 1 young (1024K), 1 survivors (1024K)
[3,149s][debug][gc,heap] GC(45)  Metaspace       used 5941K, committed 6144K, reserved 1114112K
[3,149s][debug][gc,heap] GC(45)   class space    used 683K, committed 768K, reserved 1048576K
[3,650s][debug][gc,heap] GC(47) Heap before GC invocations=47 (full 0):
[3,650s][debug][gc,heap] GC(47)  garbage-first heap   total 32768K, used 25895K [0x00000000fe000000, 0x0000000100000000)
[3,650s][debug][gc,heap] GC(47)   region size 1024K, 10 young (10240K), 1 survivors (1024K)
[3,650s][debug][gc,heap] GC(47)  Metaspace       used 5944K, committed 6144K, reserved 1114112K
[3,650s][debug][gc,heap] GC(47)   class space    used 683K, committed 768K, reserved 1048576K
[3,650s][info ][gc,heap] GC(47) Eden regions: 9->0(21)
[3,650s][info ][gc,heap] GC(47) Survivor regions: 1->1(2)
[3,650s][info ][gc,heap] GC(47) Old regions: 3->3
[3,650s][info ][gc,heap] GC(47) Archive regions: 2->2
[3,650s][info ][gc,heap] GC(47) Humongous regions: 14->14
[3,650s][debug][gc,heap] GC(47) Heap after GC invocations=48 (full 0):
[3,650s][debug][gc,heap] GC(47)  garbage-first heap   total 32768K, used 17708K [0x00000000fe000000, 0x0000000100000000)
[3,650s][debug][gc,heap] GC(47)   region size 1024K, 1 young (1024K), 1 survivors (1024K)
[3,650s][debug][gc,heap] GC(47)  Metaspace       used 5944K, committed 6144K, reserved 1114112K
[3,650s][debug][gc,heap] GC(47)   class space    used 683K, committed 768K, reserved 1048576K
[3,651s][debug][gc,heap] GC(48) Heap before GC invocations=48 (full 0):
[3,651s][debug][gc,heap] GC(48)  garbage-first heap   total 32768K, used 26924K [0x00000000fe000000, 0x0000000100000000)
[3,651s][debug][gc,heap] GC(48)   region size 1024K, 12 young (12288K), 1 survivors (1024K)
[3,651s][debug][gc,heap] GC(48)  Metaspace       used 5944K, committed 6144K, reserved 1114112K
[3,651s][debug][gc,heap] GC(48)   class space    used 683K, committed 768K, reserved 1048576K
[3,651s][info ][gc,heap] GC(48) Eden regions: 11->0(23)
[3,651s][info ][gc,heap] GC(48) Survivor regions: 1->1(1)
[3,651s][info ][gc,heap] GC(48) Old regions: 3->3
[3,651s][info ][gc,heap] GC(48) Archive regions: 2->2
[3,651s][info ][gc,heap] GC(48) Humongous regions: 14->14
[3,651s][debug][gc,heap] GC(48) Heap after GC invocations=49 (full 0):
[3,651s][debug][gc,heap] GC(48)  garbage-first heap   total 32768K, used 17708K [0x00000000fe000000, 0x0000000100000000)
[3,651s][debug][gc,heap] GC(48)   region size 1024K, 1 young (1024K), 1 survivors (1024K)
[3,651s][debug][gc,heap] GC(48)  Metaspace       used 5944K, committed 6144K, reserved 1114112K
[3,651s][debug][gc,heap] GC(48)   class space    used 683K, committed 768K, reserved 1048576K
[3,652s][debug][gc,heap] GC(50) Heap before GC invocations=49 (full 0):
[3,652s][debug][gc,heap] GC(50)  garbage-first heap   total 32768K, used 26924K [0x00000000fe000000, 0x0000000100000000)
[3,652s][debug][gc,heap] GC(50)   region size 1024K, 12 young (12288K), 1 survivors (1024K)
[3,652s][debug][gc,heap] GC(50)  Metaspace       used 5944K, committed 6144K, reserved 1114112K
[3,652s][debug][gc,heap] GC(50)   class space    used 683K, committed 768K, reserved 1048576K
[3,652s][info ][gc,heap] GC(50) Eden regions: 11->0(23)
[3,652s][info ][gc,heap] GC(50) Survivor regions: 1->1(1)
[3,652s][info ][gc,heap] GC(50) Old regions: 3->3
[3,652s][info ][gc,heap] GC(50) Archive regions: 2->2
[3,652s][info ][gc,heap] GC(50) Humongous regions: 14->14
[3,652s][debug][gc,heap] GC(50) Heap after GC invocations=50 (full 0):
[3,652s][debug][gc,heap] GC(50)  garbage-first heap   total 32768K, used 17708K [0x00000000fe000000, 0x0000000100000000)
[3,652s][debug][gc,heap] GC(50)   region size 1024K, 1 young (1024K), 1 survivors (1024K)
[3,652s][debug][gc,heap] GC(50)  Metaspace       used 5944K, committed 6144K, reserved 1114112K
[3,652s][debug][gc,heap] GC(50)   class space    used 683K, committed 768K, reserved 1048576K
[3,652s][debug][gc,heap] GC(51) Heap before GC invocations=50 (full 0):
[3,652s][debug][gc,heap] GC(51)  garbage-first heap   total 32768K, used 26924K [0x00000000fe000000, 0x0000000100000000)
[3,652s][debug][gc,heap] GC(51)   region size 1024K, 12 young (12288K), 1 survivors (1024K)
[3,652s][debug][gc,heap] GC(51)  Metaspace       used 5944K, committed 6144K, reserved 1114112K
[3,652s][debug][gc,heap] GC(51)   class space    used 683K, committed 768K, reserved 1048576K
[3,652s][info ][gc,heap] GC(51) Eden regions: 11->0(24)
[3,652s][info ][gc,heap] GC(51) Survivor regions: 1->1(1)
[3,652s][info ][gc,heap] GC(51) Old regions: 3->3
[3,652s][info ][gc,heap] GC(51) Archive regions: 2->2
[3,652s][info ][gc,heap] GC(51) Humongous regions: 14->14
[3,652s][debug][gc,heap] GC(51) Heap after GC invocations=51 (full 0):
[3,652s][debug][gc,heap] GC(51)  garbage-first heap   total 32768K, used 17708K [0x00000000fe000000, 0x0000000100000000)
[3,652s][debug][gc,heap] GC(51)   region size 1024K, 1 young (1024K), 1 survivors (1024K)
[3,652s][debug][gc,heap] GC(51)  Metaspace       used 5944K, committed 6144K, reserved 1114112K
[3,652s][debug][gc,heap] GC(51)   class space    used 683K, committed 768K, reserved 1048576K
[3,653s][debug][gc,heap] GC(52) Heap before GC invocations=51 (full 0):
[3,653s][debug][gc,heap] GC(52)  garbage-first heap   total 32768K, used 26924K [0x00000000fe000000, 0x0000000100000000)
[3,653s][debug][gc,heap] GC(52)   region size 1024K, 12 young (12288K), 1 survivors (1024K)
[3,653s][debug][gc,heap] GC(52)  Metaspace       used 5944K, committed 6144K, reserved 1114112K
[3,653s][debug][gc,heap] GC(52)   class space    used 683K, committed 768K, reserved 1048576K
[3,653s][info ][gc,heap] GC(52) Eden regions: 11->0(24)
[3,653s][info ][gc,heap] GC(52) Survivor regions: 1->1(1)
[3,653s][info ][gc,heap] GC(52) Old regions: 3->3
[3,653s][info ][gc,heap] GC(52) Archive regions: 2->2
[3,653s][info ][gc,heap] GC(52) Humongous regions: 14->14
[3,653s][debug][gc,heap] GC(52) Heap after GC invocations=52 (full 0):
[3,653s][debug][gc,heap] GC(52)  garbage-first heap   total 32768K, used 17708K [0x00000000fe000000, 0x0000000100000000)
[3,653s][debug][gc,heap] GC(52)   region size 1024K, 1 young (1024K), 1 survivors (1024K)
[3,653s][debug][gc,heap] GC(52)  Metaspace       used 5944K, committed 6144K, reserved 1114112K
[3,653s][debug][gc,heap] GC(52)   class space    used 683K, committed 768K, reserved 1048576K
[3,653s][debug][gc,heap] GC(53) Heap before GC invocations=52 (full 0):
[3,653s][debug][gc,heap] GC(53)  garbage-first heap   total 32768K, used 26924K [0x00000000fe000000, 0x0000000100000000)
[3,653s][debug][gc,heap] GC(53)   region size 1024K, 12 young (12288K), 1 survivors (1024K)
[3,653s][debug][gc,heap] GC(53)  Metaspace       used 5944K, committed 6144K, reserved 1114112K
[3,653s][debug][gc,heap] GC(53)   class space    used 683K, committed 768K, reserved 1048576K
[3,654s][info ][gc,heap] GC(53) Eden regions: 11->0(24)
[3,654s][info ][gc,heap] GC(53) Survivor regions: 1->1(1)
[3,654s][info ][gc,heap] GC(53) Old regions: 3->3
[3,654s][info ][gc,heap] GC(53) Archive regions: 2->2
[3,654s][info ][gc,heap] GC(53) Humongous regions: 14->14
[3,654s][debug][gc,heap] GC(53) Heap after GC invocations=53 (full 0):
[3,654s][debug][gc,heap] GC(53)  garbage-first heap   total 32768K, used 17708K [0x00000000fe000000, 0x0000000100000000)
[3,654s][debug][gc,heap] GC(53)   region size 1024K, 1 young (1024K), 1 survivors (1024K)
[3,654s][debug][gc,heap] GC(53)  Metaspace       used 5944K, committed 6144K, reserved 1114112K
[3,654s][debug][gc,heap] GC(53)   class space    used 683K, committed 768K, reserved 1048576K
[3,655s][debug][gc,heap] GC(54) Heap before GC invocations=53 (full 0):
[3,655s][debug][gc,heap] GC(54)  garbage-first heap   total 32768K, used 26924K [0x00000000fe000000, 0x0000000100000000)
[3,655s][debug][gc,heap] GC(54)   region size 1024K, 12 young (12288K), 1 survivors (1024K)
[3,655s][debug][gc,heap] GC(54)  Metaspace       used 5944K, committed 6144K, reserved 1114112K
[3,655s][debug][gc,heap] GC(54)   class space    used 683K, committed 768K, reserved 1048576K
[3,655s][info ][gc,heap] GC(54) Eden regions: 11->0(23)
[3,655s][info ][gc,heap] GC(54) Survivor regions: 1->1(1)
[3,655s][info ][gc,heap] GC(54) Old regions: 3->3
[3,655s][info ][gc,heap] GC(54) Archive regions: 2->2
[3,655s][info ][gc,heap] GC(54) Humongous regions: 14->14
[3,655s][debug][gc,heap] GC(54) Heap after GC invocations=54 (full 0):
[3,655s][debug][gc,heap] GC(54)  garbage-first heap   total 32768K, used 17708K [0x00000000fe000000, 0x0000000100000000)
[3,655s][debug][gc,heap] GC(54)   region size 1024K, 1 young (1024K), 1 survivors (1024K)
[3,655s][debug][gc,heap] GC(54)  Metaspace       used 5944K, committed 6144K, reserved 1114112K
[3,655s][debug][gc,heap] GC(54)   class space    used 683K, committed 768K, reserved 1048576K
[3,655s][debug][gc,heap] GC(55) Heap before GC invocations=55 (full 0):
[3,655s][debug][gc,heap] GC(55)  garbage-first heap   total 32768K, used 26924K [0x00000000fe000000, 0x0000000100000000)
[3,655s][debug][gc,heap] GC(55)   region size 1024K, 12 young (12288K), 1 survivors (1024K)
[3,655s][debug][gc,heap] GC(55)  Metaspace       used 5944K, committed 6144K, reserved 1114112K
[3,655s][debug][gc,heap] GC(55)   class space    used 683K, committed 768K, reserved 1048576K
[3,655s][info ][gc,heap] GC(55) Eden regions: 11->0(22)
[3,655s][info ][gc,heap] GC(55) Survivor regions: 1->1(1)
[3,655s][info ][gc,heap] GC(55) Old regions: 3->3
[3,655s][info ][gc,heap] GC(55) Archive regions: 2->2
[3,655s][info ][gc,heap] GC(55) Humongous regions: 14->14
[3,655s][debug][gc,heap] GC(55) Heap after GC invocations=56 (full 0):
[3,655s][debug][gc,heap] GC(55)  garbage-first heap   total 32768K, used 17708K [0x00000000fe000000, 0x0000000100000000)
[3,655s][debug][gc,heap] GC(55)   region size 1024K, 1 young (1024K), 1 survivors (1024K)
[3,655s][debug][gc,heap] GC(55)  Metaspace       used 5944K, committed 6144K, reserved 1114112K
[3,655s][debug][gc,heap] GC(55)   class space    used 683K, committed 768K, reserved 1048576K
[3,656s][debug][gc,heap] GC(56) Heap before GC invocations=56 (full 0):
[3,656s][debug][gc,heap] GC(56)  garbage-first heap   total 32768K, used 26924K [0x00000000fe000000, 0x0000000100000000)
[3,656s][debug][gc,heap] GC(56)   region size 1024K, 12 young (12288K), 1 survivors (1024K)
[3,656s][debug][gc,heap] GC(56)  Metaspace       used 5944K, committed 6144K, reserved 1114112K
[3,656s][debug][gc,heap] GC(56)   class space    used 683K, committed 768K, reserved 1048576K
[3,656s][info ][gc,heap] GC(56) Eden regions: 11->0(21)
[3,656s][info ][gc,heap] GC(56) Survivor regions: 1->1(1)
[3,656s][info ][gc,heap] GC(56) Old regions: 3->3
[3,656s][info ][gc,heap] GC(56) Archive regions: 2->2
[3,656s][info ][gc,heap] GC(56) Humongous regions: 14->14
[3,656s][debug][gc,heap] GC(56) Heap after GC invocations=57 (full 0):
[3,656s][debug][gc,heap] GC(56)  garbage-first heap   total 32768K, used 17708K [0x00000000fe000000, 0x0000000100000000)
[3,656s][debug][gc,heap] GC(56)   region size 1024K, 1 young (1024K), 1 survivors (1024K)
[3,656s][debug][gc,heap] GC(56)  Metaspace       used 5944K, committed 6144K, reserved 1114112K
[3,656s][debug][gc,heap] GC(56)   class space    used 683K, committed 768K, reserved 1048576K
[4,157s][debug][gc,heap] GC(58) Heap before GC invocations=58 (full 0):
[4,157s][debug][gc,heap] GC(58)  garbage-first heap   total 32768K, used 25900K [0x00000000fe000000, 0x0000000100000000)
[4,157s][debug][gc,heap] GC(58)   region size 1024K, 8 young (8192K), 1 survivors (1024K)
[4,157s][debug][gc,heap] GC(58)  Metaspace       used 5944K, committed 6144K, reserved 1114112K
[4,157s][debug][gc,heap] GC(58)   class space    used 683K, committed 768K, reserved 1048576K
[4,157s][info ][gc,heap] GC(58) Eden regions: 7->0(18)
[4,157s][info ][gc,heap] GC(58) Survivor regions: 1->1(1)
[4,157s][info ][gc,heap] GC(58) Old regions: 3->3
[4,157s][info ][gc,heap] GC(58) Archive regions: 2->2
[4,157s][info ][gc,heap] GC(58) Humongous regions: 16->16
[4,157s][debug][gc,heap] GC(58) Heap after GC invocations=59 (full 0):
[4,157s][debug][gc,heap] GC(58)  garbage-first heap   total 32768K, used 19756K [0x00000000fe000000, 0x0000000100000000)
[4,157s][debug][gc,heap] GC(58)   region size 1024K, 1 young (1024K), 1 survivors (1024K)
[4,157s][debug][gc,heap] GC(58)  Metaspace       used 5944K, committed 6144K, reserved 1114112K
[4,157s][debug][gc,heap] GC(58)   class space    used 683K, committed 768K, reserved 1048576K
[4,158s][debug][gc,heap] GC(59) Heap before GC invocations=59 (full 0):
[4,158s][debug][gc,heap] GC(59)  garbage-first heap   total 32768K, used 26924K [0x00000000fe000000, 0x0000000100000000)
[4,158s][debug][gc,heap] GC(59)   region size 1024K, 10 young (10240K), 1 survivors (1024K)
[4,158s][debug][gc,heap] GC(59)  Metaspace       used 5944K, committed 6144K, reserved 1114112K
[4,158s][debug][gc,heap] GC(59)   class space    used 683K, committed 768K, reserved 1048576K
[4,158s][info ][gc,heap] GC(59) Eden regions: 9->0(18)
[4,159s][info ][gc,heap] GC(59) Survivor regions: 1->1(1)
[4,159s][info ][gc,heap] GC(59) Old regions: 3->3
[4,159s][info ][gc,heap] GC(59) Archive regions: 2->2
[4,159s][info ][gc,heap] GC(59) Humongous regions: 16->16
[4,159s][debug][gc,heap] GC(59) Heap after GC invocations=60 (full 0):
[4,159s][debug][gc,heap] GC(59)  garbage-first heap   total 32768K, used 19756K [0x00000000fe000000, 0x0000000100000000)
[4,159s][debug][gc,heap] GC(59)   region size 1024K, 1 young (1024K), 1 survivors (1024K)
[4,159s][debug][gc,heap] GC(59)  Metaspace       used 5944K, committed 6144K, reserved 1114112K
[4,159s][debug][gc,heap] GC(59)   class space    used 683K, committed 768K, reserved 1048576K
[4,159s][debug][gc,heap] GC(61) Heap before GC invocations=60 (full 0):
[4,159s][debug][gc,heap] GC(61)  garbage-first heap   total 32768K, used 26924K [0x00000000fe000000, 0x0000000100000000)
[4,159s][debug][gc,heap] GC(61)   region size 1024K, 10 young (10240K), 1 survivors (1024K)
[4,159s][debug][gc,heap] GC(61)  Metaspace       used 5944K, committed 6144K, reserved 1114112K
[4,159s][debug][gc,heap] GC(61)   class space    used 683K, committed 768K, reserved 1048576K
[4,159s][info ][gc,heap] GC(61) Eden regions: 9->0(18)
[4,159s][info ][gc,heap] GC(61) Survivor regions: 1->1(1)
[4,159s][info ][gc,heap] GC(61) Old regions: 3->3
[4,159s][info ][gc,heap] GC(61) Archive regions: 2->2
[4,159s][info ][gc,heap] GC(61) Humongous regions: 16->16
[4,159s][debug][gc,heap] GC(61) Heap after GC invocations=61 (full 0):
[4,159s][debug][gc,heap] GC(61)  garbage-first heap   total 32768K, used 19756K [0x00000000fe000000, 0x0000000100000000)
[4,159s][debug][gc,heap] GC(61)   region size 1024K, 1 young (1024K), 1 survivors (1024K)
[4,159s][debug][gc,heap] GC(61)  Metaspace       used 5944K, committed 6144K, reserved 1114112K
[4,159s][debug][gc,heap] GC(61)   class space    used 683K, committed 768K, reserved 1048576K
[4,160s][debug][gc,heap] GC(62) Heap before GC invocations=61 (full 0):
[4,160s][debug][gc,heap] GC(62)  garbage-first heap   total 32768K, used 26924K [0x00000000fe000000, 0x0000000100000000)
[4,160s][debug][gc,heap] GC(62)   region size 1024K, 10 young (10240K), 1 survivors (1024K)
[4,160s][debug][gc,heap] GC(62)  Metaspace       used 5944K, committed 6144K, reserved 1114112K
[4,160s][debug][gc,heap] GC(62)   class space    used 683K, committed 768K, reserved 1048576K
[4,160s][info ][gc,heap] GC(62) Eden regions: 9->0(19)
[4,160s][info ][gc,heap] GC(62) Survivor regions: 1->1(1)
[4,160s][info ][gc,heap] GC(62) Old regions: 3->3
[4,160s][info ][gc,heap] GC(62) Archive regions: 2->2
[4,160s][info ][gc,heap] GC(62) Humongous regions: 16->16
[4,160s][debug][gc,heap] GC(62) Heap after GC invocations=62 (full 0):
[4,160s][debug][gc,heap] GC(62)  garbage-first heap   total 32768K, used 19754K [0x00000000fe000000, 0x0000000100000000)
[4,160s][debug][gc,heap] GC(62)   region size 1024K, 1 young (1024K), 1 survivors (1024K)
[4,160s][debug][gc,heap] GC(62)  Metaspace       used 5944K, committed 6144K, reserved 1114112K
[4,160s][debug][gc,heap] GC(62)   class space    used 683K, committed 768K, reserved 1048576K
[4,160s][debug][gc,heap] GC(63) Heap before GC invocations=62 (full 0):
[4,160s][debug][gc,heap] GC(63)  garbage-first heap   total 32768K, used 26922K [0x00000000fe000000, 0x0000000100000000)
[4,160s][debug][gc,heap] GC(63)   region size 1024K, 10 young (10240K), 1 survivors (1024K)
[4,160s][debug][gc,heap] GC(63)  Metaspace       used 5944K, committed 6144K, reserved 1114112K
[4,160s][debug][gc,heap] GC(63)   class space    used 683K, committed 768K, reserved 1048576K
[4,161s][info ][gc,heap] GC(63) Eden regions: 9->0(18)
[4,161s][info ][gc,heap] GC(63) Survivor regions: 1->1(1)
[4,161s][info ][gc,heap] GC(63) Old regions: 3->3
[4,161s][info ][gc,heap] GC(63) Archive regions: 2->2
[4,161s][info ][gc,heap] GC(63) Humongous regions: 16->16
[4,161s][debug][gc,heap] GC(63) Heap after GC invocations=63 (full 0):
[4,161s][debug][gc,heap] GC(63)  garbage-first heap   total 32768K, used 19756K [0x00000000fe000000, 0x0000000100000000)
[4,161s][debug][gc,heap] GC(63)   region size 1024K, 1 young (1024K), 1 survivors (1024K)
[4,161s][debug][gc,heap] GC(63)  Metaspace       used 5944K, committed 6144K, reserved 1114112K
[4,161s][debug][gc,heap] GC(63)   class space    used 683K, committed 768K, reserved 1048576K
[4,161s][debug][gc,heap] GC(64) Heap before GC invocations=63 (full 0):
[4,161s][debug][gc,heap] GC(64)  garbage-first heap   total 32768K, used 26924K [0x00000000fe000000, 0x0000000100000000)
[4,161s][debug][gc,heap] GC(64)   region size 1024K, 10 young (10240K), 1 survivors (1024K)
[4,161s][debug][gc,heap] GC(64)  Metaspace       used 5944K, committed 6144K, reserved 1114112K
[4,161s][debug][gc,heap] GC(64)   class space    used 683K, committed 768K, reserved 1048576K
[4,161s][info ][gc,heap] GC(64) Eden regions: 9->0(18)
[4,161s][info ][gc,heap] GC(64) Survivor regions: 1->1(1)
[4,161s][info ][gc,heap] GC(64) Old regions: 3->3
[4,161s][info ][gc,heap] GC(64) Archive regions: 2->2
[4,161s][info ][gc,heap] GC(64) Humongous regions: 16->16
[4,161s][debug][gc,heap] GC(64) Heap after GC invocations=64 (full 0):
[4,161s][debug][gc,heap] GC(64)  garbage-first heap   total 32768K, used 19756K [0x00000000fe000000, 0x0000000100000000)
[4,161s][debug][gc,heap] GC(64)   region size 1024K, 1 young (1024K), 1 survivors (1024K)
[4,161s][debug][gc,heap] GC(64)  Metaspace       used 5944K, committed 6144K, reserved 1114112K
[4,161s][debug][gc,heap] GC(64)   class space    used 683K, committed 768K, reserved 1048576K
[4,162s][debug][gc,heap] GC(65) Heap before GC invocations=64 (full 0):
[4,162s][debug][gc,heap] GC(65)  garbage-first heap   total 32768K, used 26924K [0x00000000fe000000, 0x0000000100000000)
[4,162s][debug][gc,heap] GC(65)   region size 1024K, 10 young (10240K), 1 survivors (1024K)
[4,162s][debug][gc,heap] GC(65)  Metaspace       used 5944K, committed 6144K, reserved 1114112K
[4,162s][debug][gc,heap] GC(65)   class space    used 683K, committed 768K, reserved 1048576K
[4,162s][info ][gc,heap] GC(65) Eden regions: 9->0(17)
[4,162s][info ][gc,heap] GC(65) Survivor regions: 1->0(1)
[4,162s][info ][gc,heap] GC(65) Old regions: 3->3
[4,162s][info ][gc,heap] GC(65) Archive regions: 2->2
[4,162s][info ][gc,heap] GC(65) Humongous regions: 16->16
[4,162s][debug][gc,heap] GC(65) Heap after GC invocations=65 (full 0):
[4,162s][debug][gc,heap] GC(65)  garbage-first heap   total 32768K, used 19756K [0x00000000fe000000, 0x0000000100000000)
[4,162s][debug][gc,heap] GC(65)   region size 1024K, 0 young (0K), 0 survivors (0K)
[4,162s][debug][gc,heap] GC(65)  Metaspace       used 5944K, committed 6144K, reserved 1114112K
[4,162s][debug][gc,heap] GC(65)   class space    used 683K, committed 768K, reserved 1048576K
[4,163s][debug][gc,heap] GC(66) Heap before GC invocations=66 (full 0):
[4,163s][debug][gc,heap] GC(66)  garbage-first heap   total 32768K, used 27948K [0x00000000fe000000, 0x0000000100000000)
[4,163s][debug][gc,heap] GC(66)   region size 1024K, 10 young (10240K), 0 survivors (0K)
[4,163s][debug][gc,heap] GC(66)  Metaspace       used 5944K, committed 6144K, reserved 1114112K
[4,163s][debug][gc,heap] GC(66)   class space    used 683K, committed 768K, reserved 1048576K
[4,163s][info ][gc,heap] GC(66) Eden regions: 10->0(18)
[4,163s][info ][gc,heap] GC(66) Survivor regions: 0->0(1)
[4,163s][info ][gc,heap] GC(66) Old regions: 3->3
[4,163s][info ][gc,heap] GC(66) Archive regions: 2->2
[4,163s][info ][gc,heap] GC(66) Humongous regions: 16->16
[4,163s][debug][gc,heap] GC(66) Heap after GC invocations=67 (full 0):
[4,163s][debug][gc,heap] GC(66)  garbage-first heap   total 32768K, used 19756K [0x00000000fe000000, 0x0000000100000000)
[4,163s][debug][gc,heap] GC(66)   region size 1024K, 0 young (0K), 0 survivors (0K)
[4,163s][debug][gc,heap] GC(66)  Metaspace       used 5944K, committed 6144K, reserved 1114112K
[4,163s][debug][gc,heap] GC(66)   class space    used 683K, committed 768K, reserved 1048576K
[4,163s][debug][gc,heap] GC(67) Heap before GC invocations=67 (full 0):
[4,163s][debug][gc,heap] GC(67)  garbage-first heap   total 32768K, used 27948K [0x00000000fe000000, 0x0000000100000000)
[4,163s][debug][gc,heap] GC(67)   region size 1024K, 10 young (10240K), 0 survivors (0K)
[4,163s][debug][gc,heap] GC(67)  Metaspace       used 5944K, committed 6144K, reserved 1114112K
[4,163s][debug][gc,heap] GC(67)   class space    used 683K, committed 768K, reserved 1048576K
[4,164s][info ][gc,heap] GC(67) Eden regions: 10->0(20)
[4,164s][info ][gc,heap] GC(67) Survivor regions: 0->0(1)
[4,164s][info ][gc,heap] GC(67) Old regions: 3->3
[4,164s][info ][gc,heap] GC(67) Archive regions: 2->2
[4,164s][info ][gc,heap] GC(67) Humongous regions: 16->16
[4,164s][debug][gc,heap] GC(67) Heap after GC invocations=68 (full 0):
[4,164s][debug][gc,heap] GC(67)  garbage-first heap   total 32768K, used 19756K [0x00000000fe000000, 0x0000000100000000)
[4,164s][debug][gc,heap] GC(67)   region size 1024K, 0 young (0K), 0 survivors (0K)
[4,164s][debug][gc,heap] GC(67)  Metaspace       used 5944K, committed 6144K, reserved 1114112K
[4,164s][debug][gc,heap] GC(67)   class space    used 683K, committed 768K, reserved 1048576K
[4,164s][debug][gc,heap] GC(69) Heap before GC invocations=68 (full 0):
[4,164s][debug][gc,heap] GC(69)  garbage-first heap   total 32768K, used 27948K [0x00000000fe000000, 0x0000000100000000)
[4,164s][debug][gc,heap] GC(69)   region size 1024K, 10 young (10240K), 0 survivors (0K)
[4,164s][debug][gc,heap] GC(69)  Metaspace       used 5944K, committed 6144K, reserved 1114112K
[4,164s][debug][gc,heap] GC(69)   class space    used 683K, committed 768K, reserved 1048576K
[4,164s][info ][gc,heap] GC(69) Eden regions: 10->0(21)
[4,164s][info ][gc,heap] GC(69) Survivor regions: 0->0(1)
[4,164s][info ][gc,heap] GC(69) Old regions: 3->3
[4,164s][info ][gc,heap] GC(69) Archive regions: 2->2
[4,164s][info ][gc,heap] GC(69) Humongous regions: 16->16
[4,164s][debug][gc,heap] GC(69) Heap after GC invocations=69 (full 0):
[4,164s][debug][gc,heap] GC(69)  garbage-first heap   total 32768K, used 19756K [0x00000000fe000000, 0x0000000100000000)
[4,164s][debug][gc,heap] GC(69)   region size 1024K, 0 young (0K), 0 survivors (0K)
[4,164s][debug][gc,heap] GC(69)  Metaspace       used 5944K, committed 6144K, reserved 1114112K
[4,164s][debug][gc,heap] GC(69)   class space    used 683K, committed 768K, reserved 1048576K
[4,165s][debug][gc,heap] GC(70) Heap before GC invocations=69 (full 0):
[4,165s][debug][gc,heap] GC(70)  garbage-first heap   total 32768K, used 27948K [0x00000000fe000000, 0x0000000100000000)
[4,165s][debug][gc,heap] GC(70)   region size 1024K, 10 young (10240K), 0 survivors (0K)
[4,165s][debug][gc,heap] GC(70)  Metaspace       used 5944K, committed 6144K, reserved 1114112K
[4,165s][debug][gc,heap] GC(70)   class space    used 683K, committed 768K, reserved 1048576K
[4,165s][info ][gc,heap] GC(70) Eden regions: 10->0(20)
[4,165s][info ][gc,heap] GC(70) Survivor regions: 0->0(1)
[4,165s][info ][gc,heap] GC(70) Old regions: 3->3
[4,165s][info ][gc,heap] GC(70) Archive regions: 2->2
[4,165s][info ][gc,heap] GC(70) Humongous regions: 16->16
[4,165s][debug][gc,heap] GC(70) Heap after GC invocations=70 (full 0):
[4,165s][debug][gc,heap] GC(70)  garbage-first heap   total 32768K, used 19756K [0x00000000fe000000, 0x0000000100000000)
[4,165s][debug][gc,heap] GC(70)   region size 1024K, 0 young (0K), 0 survivors (0K)
[4,165s][debug][gc,heap] GC(70)  Metaspace       used 5944K, committed 6144K, reserved 1114112K
[4,165s][debug][gc,heap] GC(70)   class space    used 683K, committed 768K, reserved 1048576K
[4,666s][debug][gc,heap] GC(71) Heap before GC invocations=71 (full 0):
[4,666s][debug][gc,heap] GC(71)  garbage-first heap   total 32768K, used 27948K [0x00000000fe000000, 0x0000000100000000)
[4,666s][debug][gc,heap] GC(71)   region size 1024K, 8 young (8192K), 0 survivors (0K)
[4,666s][debug][gc,heap] GC(71)  Metaspace       used 5954K, committed 6144K, reserved 1114112K
[4,666s][debug][gc,heap] GC(71)   class space    used 683K, committed 768K, reserved 1048576K
[4,666s][info ][gc,heap] GC(71) Eden regions: 8->0(18)
[4,666s][info ][gc,heap] GC(71) Survivor regions: 0->1(1)
[4,666s][info ][gc,heap] GC(71) Old regions: 3->3
[4,666s][info ][gc,heap] GC(71) Archive regions: 2->2
[4,666s][info ][gc,heap] GC(71) Humongous regions: 18->18
[4,666s][debug][gc,heap] GC(71) Heap after GC invocations=72 (full 0):
[4,666s][debug][gc,heap] GC(71)  garbage-first heap   total 32768K, used 21806K [0x00000000fe000000, 0x0000000100000000)
[4,666s][debug][gc,heap] GC(71)   region size 1024K, 1 young (1024K), 1 survivors (1024K)
[4,666s][debug][gc,heap] GC(71)  Metaspace       used 5954K, committed 6144K, reserved 1114112K
[4,666s][debug][gc,heap] GC(71)   class space    used 683K, committed 768K, reserved 1048576K
[4,666s][debug][gc,heap] GC(72) Heap before GC invocations=72 (full 0):
[4,666s][debug][gc,heap] GC(72)  garbage-first heap   total 32768K, used 26926K [0x00000000fe000000, 0x0000000100000000)
[4,666s][debug][gc,heap] GC(72)   region size 1024K, 8 young (8192K), 1 survivors (1024K)
[4,666s][debug][gc,heap] GC(72)  Metaspace       used 5954K, committed 6144K, reserved 1114112K
[4,666s][debug][gc,heap] GC(72)   class space    used 683K, committed 768K, reserved 1048576K
[4,667s][info ][gc,heap] GC(72) Eden regions: 7->0(20)
[4,667s][info ][gc,heap] GC(72) Survivor regions: 1->1(1)
[4,667s][info ][gc,heap] GC(72) Old regions: 3->3
[4,667s][info ][gc,heap] GC(72) Archive regions: 2->2
[4,667s][info ][gc,heap] GC(72) Humongous regions: 18->18
[4,667s][debug][gc,heap] GC(72) Heap after GC invocations=73 (full 0):
[4,667s][debug][gc,heap] GC(72)  garbage-first heap   total 32768K, used 21806K [0x00000000fe000000, 0x0000000100000000)
[4,667s][debug][gc,heap] GC(72)   region size 1024K, 1 young (1024K), 1 survivors (1024K)
[4,667s][debug][gc,heap] GC(72)  Metaspace       used 5954K, committed 6144K, reserved 1114112K
[4,667s][debug][gc,heap] GC(72)   class space    used 683K, committed 768K, reserved 1048576K
[4,668s][debug][gc,heap] GC(74) Heap before GC invocations=73 (full 0):
[4,668s][debug][gc,heap] GC(74)  garbage-first heap   total 32768K, used 26926K [0x00000000fe000000, 0x0000000100000000)
[4,668s][debug][gc,heap] GC(74)   region size 1024K, 8 young (8192K), 1 survivors (1024K)
[4,668s][debug][gc,heap] GC(74)  Metaspace       used 5954K, committed 6144K, reserved 1114112K
[4,668s][debug][gc,heap] GC(74)   class space    used 683K, committed 768K, reserved 1048576K
[4,668s][info ][gc,heap] GC(74) Eden regions: 7->0(19)
[4,668s][info ][gc,heap] GC(74) Survivor regions: 1->1(1)
[4,668s][info ][gc,heap] GC(74) Old regions: 3->3
[4,668s][info ][gc,heap] GC(74) Archive regions: 2->2
[4,668s][info ][gc,heap] GC(74) Humongous regions: 18->18
[4,668s][debug][gc,heap] GC(74) Heap after GC invocations=74 (full 0):
[4,668s][debug][gc,heap] GC(74)  garbage-first heap   total 32768K, used 21806K [0x00000000fe000000, 0x0000000100000000)
[4,668s][debug][gc,heap] GC(74)   region size 1024K, 1 young (1024K), 1 survivors (1024K)
[4,668s][debug][gc,heap] GC(74)  Metaspace       used 5954K, committed 6144K, reserved 1114112K
[4,668s][debug][gc,heap] GC(74)   class space    used 683K, committed 768K, reserved 1048576K
[4,668s][debug][gc,heap] GC(75) Heap before GC invocations=74 (full 0):
[4,668s][debug][gc,heap] GC(75)  garbage-first heap   total 32768K, used 26926K [0x00000000fe000000, 0x0000000100000000)
[4,668s][debug][gc,heap] GC(75)   region size 1024K, 8 young (8192K), 1 survivors (1024K)
[4,668s][debug][gc,heap] GC(75)  Metaspace       used 5954K, committed 6144K, reserved 1114112K
[4,668s][debug][gc,heap] GC(75)   class space    used 683K, committed 768K, reserved 1048576K
[4,668s][info ][gc,heap] GC(75) Eden regions: 7->0(19)
[4,668s][info ][gc,heap] GC(75) Survivor regions: 1->1(1)
[4,668s][info ][gc,heap] GC(75) Old regions: 3->3
[4,668s][info ][gc,heap] GC(75) Archive regions: 2->2
[4,668s][info ][gc,heap] GC(75) Humongous regions: 18->18
[4,668s][debug][gc,heap] GC(75) Heap after GC invocations=75 (full 0):
[4,668s][debug][gc,heap] GC(75)  garbage-first heap   total 32768K, used 21806K [0x00000000fe000000, 0x0000000100000000)
[4,668s][debug][gc,heap] GC(75)   region size 1024K, 1 young (1024K), 1 survivors (1024K)
[4,668s][debug][gc,heap] GC(75)  Metaspace       used 5954K, committed 6144K, reserved 1114112K
[4,668s][debug][gc,heap] GC(75)   class space    used 683K, committed 768K, reserved 1048576K
[4,669s][debug][gc,heap] GC(76) Heap before GC invocations=75 (full 0):
[4,669s][debug][gc,heap] GC(76)  garbage-first heap   total 32768K, used 26926K [0x00000000fe000000, 0x0000000100000000)
[4,669s][debug][gc,heap] GC(76)   region size 1024K, 8 young (8192K), 1 survivors (1024K)
[4,669s][debug][gc,heap] GC(76)  Metaspace       used 5954K, committed 6144K, reserved 1114112K
[4,669s][debug][gc,heap] GC(76)   class space    used 683K, committed 768K, reserved 1048576K
[4,669s][info ][gc,heap] GC(76) Eden regions: 7->0(19)
[4,669s][info ][gc,heap] GC(76) Survivor regions: 1->1(1)
[4,669s][info ][gc,heap] GC(76) Old regions: 3->3
[4,669s][info ][gc,heap] GC(76) Archive regions: 2->2
[4,669s][info ][gc,heap] GC(76) Humongous regions: 18->18
[4,669s][debug][gc,heap] GC(76) Heap after GC invocations=76 (full 0):
[4,669s][debug][gc,heap] GC(76)  garbage-first heap   total 32768K, used 21808K [0x00000000fe000000, 0x0000000100000000)
[4,669s][debug][gc,heap] GC(76)   region size 1024K, 1 young (1024K), 1 survivors (1024K)
[4,669s][debug][gc,heap] GC(76)  Metaspace       used 5954K, committed 6144K, reserved 1114112K
[4,669s][debug][gc,heap] GC(76)   class space    used 683K, committed 768K, reserved 1048576K
[4,669s][debug][gc,heap] GC(77) Heap before GC invocations=76 (full 0):
[4,669s][debug][gc,heap] GC(77)  garbage-first heap   total 32768K, used 26928K [0x00000000fe000000, 0x0000000100000000)
[4,669s][debug][gc,heap] GC(77)   region size 1024K, 8 young (8192K), 1 survivors (1024K)
[4,669s][debug][gc,heap] GC(77)  Metaspace       used 5954K, committed 6144K, reserved 1114112K
[4,669s][debug][gc,heap] GC(77)   class space    used 683K, committed 768K, reserved 1048576K
[4,669s][info ][gc,heap] GC(77) Eden regions: 7->0(19)
[4,669s][info ][gc,heap] GC(77) Survivor regions: 1->1(1)
[4,669s][info ][gc,heap] GC(77) Old regions: 3->3
[4,669s][info ][gc,heap] GC(77) Archive regions: 2->2
[4,669s][info ][gc,heap] GC(77) Humongous regions: 18->18
[4,669s][debug][gc,heap] GC(77) Heap after GC invocations=77 (full 0):
[4,669s][debug][gc,heap] GC(77)  garbage-first heap   total 32768K, used 21808K [0x00000000fe000000, 0x0000000100000000)
[4,669s][debug][gc,heap] GC(77)   region size 1024K, 1 young (1024K), 1 survivors (1024K)
[4,669s][debug][gc,heap] GC(77)  Metaspace       used 5954K, committed 6144K, reserved 1114112K
[4,669s][debug][gc,heap] GC(77)   class space    used 683K, committed 768K, reserved 1048576K
[4,671s][debug][gc,heap] GC(78) Heap before GC invocations=77 (full 0):
[4,671s][debug][gc,heap] GC(78)  garbage-first heap   total 32768K, used 26928K [0x00000000fe000000, 0x0000000100000000)
[4,671s][debug][gc,heap] GC(78)   region size 1024K, 8 young (8192K), 1 survivors (1024K)
[4,671s][debug][gc,heap] GC(78)  Metaspace       used 5954K, committed 6144K, reserved 1114112K
[4,671s][debug][gc,heap] GC(78)   class space    used 683K, committed 768K, reserved 1048576K
[4,671s][info ][gc,heap] GC(78) Eden regions: 7->0(17)
[4,671s][info ][gc,heap] GC(78) Survivor regions: 1->1(1)
[4,671s][info ][gc,heap] GC(78) Old regions: 3->3
[4,671s][info ][gc,heap] GC(78) Archive regions: 2->2
[4,671s][info ][gc,heap] GC(78) Humongous regions: 18->18
[4,671s][debug][gc,heap] GC(78) Heap after GC invocations=78 (full 0):
[4,671s][debug][gc,heap] GC(78)  garbage-first heap   total 32768K, used 21806K [0x00000000fe000000, 0x0000000100000000)
[4,671s][debug][gc,heap] GC(78)   region size 1024K, 1 young (1024K), 1 survivors (1024K)
[4,671s][debug][gc,heap] GC(78)  Metaspace       used 5954K, committed 6144K, reserved 1114112K
[4,671s][debug][gc,heap] GC(78)   class space    used 683K, committed 768K, reserved 1048576K
[4,672s][debug][gc,heap] GC(79) Heap before GC invocations=78 (full 0):
[4,672s][debug][gc,heap] GC(79)  garbage-first heap   total 32768K, used 26926K [0x00000000fe000000, 0x0000000100000000)
[4,672s][debug][gc,heap] GC(79)   region size 1024K, 8 young (8192K), 1 survivors (1024K)
[4,672s][debug][gc,heap] GC(79)  Metaspace       used 5954K, committed 6144K, reserved 1114112K
[4,672s][debug][gc,heap] GC(79)   class space    used 683K, committed 768K, reserved 1048576K
[4,672s][info ][gc,heap] GC(79) Eden regions: 7->0(14)
[4,672s][info ][gc,heap] GC(79) Survivor regions: 1->1(1)
[4,672s][info ][gc,heap] GC(79) Old regions: 3->3
[4,672s][info ][gc,heap] GC(79) Archive regions: 2->2
[4,672s][info ][gc,heap] GC(79) Humongous regions: 18->18
[4,672s][debug][gc,heap] GC(79) Heap after GC invocations=79 (full 0):
[4,672s][debug][gc,heap] GC(79)  garbage-first heap   total 32768K, used 21806K [0x00000000fe000000, 0x0000000100000000)
[4,672s][debug][gc,heap] GC(79)   region size 1024K, 1 young (1024K), 1 survivors (1024K)
[4,672s][debug][gc,heap] GC(79)  Metaspace       used 5954K, committed 6144K, reserved 1114112K
[4,672s][debug][gc,heap] GC(79)   class space    used 683K, committed 768K, reserved 1048576K
[4,673s][debug][gc,heap] GC(80) Heap before GC invocations=79 (full 0):
[4,673s][debug][gc,heap] GC(80)  garbage-first heap   total 32768K, used 26926K [0x00000000fe000000, 0x0000000100000000)
[4,673s][debug][gc,heap] GC(80)   region size 1024K, 8 young (8192K), 1 survivors (1024K)
[4,673s][debug][gc,heap] GC(80)  Metaspace       used 5954K, committed 6144K, reserved 1114112K
[4,673s][debug][gc,heap] GC(80)   class space    used 683K, committed 768K, reserved 1048576K
[4,674s][info ][gc,heap] GC(80) Eden regions: 7->0(14)
[4,674s][info ][gc,heap] GC(80) Survivor regions: 1->1(1)
[4,674s][info ][gc,heap] GC(80) Old regions: 3->3
[4,674s][info ][gc,heap] GC(80) Archive regions: 2->2
[4,674s][info ][gc,heap] GC(80) Humongous regions: 18->18
[4,674s][debug][gc,heap] GC(80) Heap after GC invocations=80 (full 0):
[4,674s][debug][gc,heap] GC(80)  garbage-first heap   total 32768K, used 21806K [0x00000000fe000000, 0x0000000100000000)
[4,674s][debug][gc,heap] GC(80)   region size 1024K, 1 young (1024K), 1 survivors (1024K)
[4,674s][debug][gc,heap] GC(80)  Metaspace       used 5954K, committed 6144K, reserved 1114112K
[4,674s][debug][gc,heap] GC(80)   class space    used 683K, committed 768K, reserved 1048576K
[4,674s][debug][gc,heap] GC(81) Heap before GC invocations=80 (full 0):
[4,674s][debug][gc,heap] GC(81)  garbage-first heap   total 32768K, used 26926K [0x00000000fe000000, 0x0000000100000000)
[4,674s][debug][gc,heap] GC(81)   region size 1024K, 8 young (8192K), 1 survivors (1024K)
[4,674s][debug][gc,heap] GC(81)  Metaspace       used 5954K, committed 6144K, reserved 1114112K
[4,674s][debug][gc,heap] GC(81)   class space    used 683K, committed 768K, reserved 1048576K
[4,674s][info ][gc,heap] GC(81) Eden regions: 7->0(17)
[4,674s][info ][gc,heap] GC(81) Survivor regions: 1->1(1)
[4,674s][info ][gc,heap] GC(81) Old regions: 3->3
[4,674s][info ][gc,heap] GC(81) Archive regions: 2->2
[4,674s][info ][gc,heap] GC(81) Humongous regions: 18->18
[4,674s][debug][gc,heap] GC(81) Heap after GC invocations=81 (full 0):
[4,674s][debug][gc,heap] GC(81)  garbage-first heap   total 32768K, used 21806K [0x00000000fe000000, 0x0000000100000000)
[4,674s][debug][gc,heap] GC(81)   region size 1024K, 1 young (1024K), 1 survivors (1024K)
[4,674s][debug][gc,heap] GC(81)  Metaspace       used 5954K, committed 6144K, reserved 1114112K
[4,674s][debug][gc,heap] GC(81)   class space    used 683K, committed 768K, reserved 1048576K
[4,674s][debug][gc,heap] GC(82) Heap before GC invocations=82 (full 0):
[4,674s][debug][gc,heap] GC(82)  garbage-first heap   total 32768K, used 26926K [0x00000000fe000000, 0x0000000100000000)
[4,674s][debug][gc,heap] GC(82)   region size 1024K, 8 young (8192K), 1 survivors (1024K)
[4,674s][debug][gc,heap] GC(82)  Metaspace       used 5954K, committed 6144K, reserved 1114112K
[4,674s][debug][gc,heap] GC(82)   class space    used 683K, committed 768K, reserved 1048576K
[4,674s][info ][gc,heap] GC(82) Eden regions: 7->0(19)
[4,674s][info ][gc,heap] GC(82) Survivor regions: 1->1(1)
[4,674s][info ][gc,heap] GC(82) Old regions: 3->3
[4,674s][info ][gc,heap] GC(82) Archive regions: 2->2
[4,674s][info ][gc,heap] GC(82) Humongous regions: 18->18
[4,674s][debug][gc,heap] GC(82) Heap after GC invocations=83 (full 0):
[4,674s][debug][gc,heap] GC(82)  garbage-first heap   total 32768K, used 21808K [0x00000000fe000000, 0x0000000100000000)
[4,674s][debug][gc,heap] GC(82)   region size 1024K, 1 young (1024K), 1 survivors (1024K)
[4,674s][debug][gc,heap] GC(82)  Metaspace       used 5954K, committed 6144K, reserved 1114112K
[4,674s][debug][gc,heap] GC(82)   class space    used 683K, committed 768K, reserved 1048576K
[4,675s][debug][gc,heap] GC(83) Heap before GC invocations=83 (full 0):
[4,675s][debug][gc,heap] GC(83)  garbage-first heap   total 32768K, used 26928K [0x00000000fe000000, 0x0000000100000000)
[4,675s][debug][gc,heap] GC(83)   region size 1024K, 8 young (8192K), 1 survivors (1024K)
[4,675s][debug][gc,heap] GC(83)  Metaspace       used 5954K, committed 6144K, reserved 1114112K
[4,675s][debug][gc,heap] GC(83)   class space    used 683K, committed 768K, reserved 1048576K
[4,675s][info ][gc,heap] GC(83) Eden regions: 7->0(22)
[4,675s][info ][gc,heap] GC(83) Survivor regions: 1->1(1)
[4,675s][info ][gc,heap] GC(83) Old regions: 3->3
[4,675s][info ][gc,heap] GC(83) Archive regions: 2->2
[4,675s][info ][gc,heap] GC(83) Humongous regions: 18->18
[4,675s][debug][gc,heap] GC(83) Heap after GC invocations=84 (full 0):
[4,675s][debug][gc,heap] GC(83)  garbage-first heap   total 32768K, used 21806K [0x00000000fe000000, 0x0000000100000000)
[4,675s][debug][gc,heap] GC(83)   region size 1024K, 1 young (1024K), 1 survivors (1024K)
[4,675s][debug][gc,heap] GC(83)  Metaspace       used 5954K, committed 6144K, reserved 1114112K
[4,675s][debug][gc,heap] GC(83)   class space    used 683K, committed 768K, reserved 1048576K
[4,675s][debug][gc,heap] GC(85) Heap before GC invocations=84 (full 0):
[4,675s][debug][gc,heap] GC(85)  garbage-first heap   total 32768K, used 26926K [0x00000000fe000000, 0x0000000100000000)
[4,675s][debug][gc,heap] GC(85)   region size 1024K, 8 young (8192K), 1 survivors (1024K)
[4,675s][debug][gc,heap] GC(85)  Metaspace       used 5954K, committed 6144K, reserved 1114112K
[4,675s][debug][gc,heap] GC(85)   class space    used 683K, committed 768K, reserved 1048576K
[4,675s][info ][gc,heap] GC(85) Eden regions: 7->0(23)
[4,675s][info ][gc,heap] GC(85) Survivor regions: 1->1(1)
[4,675s][info ][gc,heap] GC(85) Old regions: 3->3
[4,675s][info ][gc,heap] GC(85) Archive regions: 2->2
[4,675s][info ][gc,heap] GC(85) Humongous regions: 18->18
[4,675s][debug][gc,heap] GC(85) Heap after GC invocations=85 (full 0):
[4,675s][debug][gc,heap] GC(85)  garbage-first heap   total 32768K, used 21806K [0x00000000fe000000, 0x0000000100000000)
[4,675s][debug][gc,heap] GC(85)   region size 1024K, 1 young (1024K), 1 survivors (1024K)
[4,675s][debug][gc,heap] GC(85)  Metaspace       used 5954K, committed 6144K, reserved 1114112K
[4,675s][debug][gc,heap] GC(85)   class space    used 683K, committed 768K, reserved 1048576K
[4,676s][debug][gc,heap] GC(86) Heap before GC invocations=85 (full 0):
[4,676s][debug][gc,heap] GC(86)  garbage-first heap   total 32768K, used 26926K [0x00000000fe000000, 0x0000000100000000)
[4,676s][debug][gc,heap] GC(86)   region size 1024K, 8 young (8192K), 1 survivors (1024K)
[4,676s][debug][gc,heap] GC(86)  Metaspace       used 5954K, committed 6144K, reserved 1114112K
[4,676s][debug][gc,heap] GC(86)   class space    used 683K, committed 768K, reserved 1048576K
[4,676s][info ][gc,heap] GC(86) Eden regions: 7->0(24)
[4,676s][info ][gc,heap] GC(86) Survivor regions: 1->1(1)
[4,676s][info ][gc,heap] GC(86) Old regions: 3->3
[4,676s][info ][gc,heap] GC(86) Archive regions: 2->2
[4,676s][info ][gc,heap] GC(86) Humongous regions: 18->18
[4,676s][debug][gc,heap] GC(86) Heap after GC invocations=86 (full 0):
[4,676s][debug][gc,heap] GC(86)  garbage-first heap   total 32768K, used 21806K [0x00000000fe000000, 0x0000000100000000)
[4,676s][debug][gc,heap] GC(86)   region size 1024K, 1 young (1024K), 1 survivors (1024K)
[4,676s][debug][gc,heap] GC(86)  Metaspace       used 5954K, committed 6144K, reserved 1114112K
[4,676s][debug][gc,heap] GC(86)   class space    used 683K, committed 768K, reserved 1048576K
[4,676s][debug][gc,heap] GC(87) Heap before GC invocations=86 (full 0):
[4,676s][debug][gc,heap] GC(87)  garbage-first heap   total 32768K, used 25902K [0x00000000fe000000, 0x0000000100000000)
[4,676s][debug][gc,heap] GC(87)   region size 1024K, 7 young (7168K), 1 survivors (1024K)
[4,676s][debug][gc,heap] GC(87)  Metaspace       used 5954K, committed 6144K, reserved 1114112K
[4,676s][debug][gc,heap] GC(87)   class space    used 683K, committed 768K, reserved 1048576K
[4,676s][info ][gc,heap] GC(87) Eden regions: 6->0(25)
[4,676s][info ][gc,heap] GC(87) Survivor regions: 1->1(2)
[4,676s][info ][gc,heap] GC(87) Old regions: 3->3
[4,676s][info ][gc,heap] GC(87) Archive regions: 2->2
[4,676s][info ][gc,heap] GC(87) Humongous regions: 18->18
[4,676s][debug][gc,heap] GC(87) Heap after GC invocations=87 (full 0):
[4,676s][debug][gc,heap] GC(87)  garbage-first heap   total 32768K, used 21806K [0x00000000fe000000, 0x0000000100000000)
[4,676s][debug][gc,heap] GC(87)   region size 1024K, 1 young (1024K), 1 survivors (1024K)
[4,676s][debug][gc,heap] GC(87)  Metaspace       used 5954K, committed 6144K, reserved 1114112K
[4,676s][debug][gc,heap] GC(87)   class space    used 683K, committed 768K, reserved 1048576K
[5,177s][debug][gc,heap] GC(88) Heap before GC invocations=88 (full 0):
[5,177s][debug][gc,heap] GC(88)  garbage-first heap   total 32768K, used 25902K [0x00000000fe000000, 0x0000000100000000)
[5,177s][debug][gc,heap] GC(88)   region size 1024K, 4 young (4096K), 1 survivors (1024K)
[5,177s][debug][gc,heap] GC(88)  Metaspace       used 5954K, committed 6144K, reserved 1114112K
[5,177s][debug][gc,heap] GC(88)   class space    used 683K, committed 768K, reserved 1048576K
[5,177s][info ][gc,heap] GC(88) Eden regions: 3->0(21)
[5,177s][info ][gc,heap] GC(88) Survivor regions: 1->0(1)
[5,177s][info ][gc,heap] GC(88) Old regions: 3->3
[5,177s][info ][gc,heap] GC(88) Archive regions: 2->2
[5,177s][info ][gc,heap] GC(88) Humongous regions: 20->20
[5,177s][debug][gc,heap] GC(88) Heap after GC invocations=89 (full 0):
[5,177s][debug][gc,heap] GC(88)  garbage-first heap   total 32768K, used 23855K [0x00000000fe000000, 0x0000000100000000)
[5,177s][debug][gc,heap] GC(88)   region size 1024K, 0 young (0K), 0 survivors (0K)
[5,177s][debug][gc,heap] GC(88)  Metaspace       used 5954K, committed 6144K, reserved 1114112K
[5,177s][debug][gc,heap] GC(88)   class space    used 683K, committed 768K, reserved 1048576K
[5,177s][debug][gc,heap] GC(89) Heap before GC invocations=89 (full 0):
[5,177s][debug][gc,heap] GC(89)  garbage-first heap   total 32768K, used 29999K [0x00000000fe000000, 0x0000000100000000)
[5,177s][debug][gc,heap] GC(89)   region size 1024K, 7 young (7168K), 0 survivors (0K)
[5,177s][debug][gc,heap] GC(89)  Metaspace       used 5954K, committed 6144K, reserved 1114112K
[5,177s][debug][gc,heap] GC(89)   class space    used 683K, committed 768K, reserved 1048576K
[5,178s][info ][gc,heap] GC(89) Eden regions: 7->0(23)
[5,178s][info ][gc,heap] GC(89) Survivor regions: 0->0(0)
[5,178s][info ][gc,heap] GC(89) Old regions: 3->3
[5,178s][info ][gc,heap] GC(89) Archive regions: 2->2
[5,178s][info ][gc,heap] GC(89) Humongous regions: 20->20
[5,178s][debug][gc,heap] GC(89) Heap after GC invocations=90 (full 0):
[5,178s][debug][gc,heap] GC(89)  garbage-first heap   total 32768K, used 23855K [0x00000000fe000000, 0x0000000100000000)
[5,178s][debug][gc,heap] GC(89)   region size 1024K, 0 young (0K), 0 survivors (0K)
[5,178s][debug][gc,heap] GC(89)  Metaspace       used 5954K, committed 6144K, reserved 1114112K
[5,178s][debug][gc,heap] GC(89)   class space    used 683K, committed 768K, reserved 1048576K
[5,178s][debug][gc,heap] GC(91) Heap before GC invocations=90 (full 0):
[5,178s][debug][gc,heap] GC(91)  garbage-first heap   total 32768K, used 29999K [0x00000000fe000000, 0x0000000100000000)
[5,178s][debug][gc,heap] GC(91)   region size 1024K, 7 young (7168K), 0 survivors (0K)
[5,178s][debug][gc,heap] GC(91)  Metaspace       used 5954K, committed 6144K, reserved 1114112K
[5,178s][debug][gc,heap] GC(91)   class space    used 683K, committed 768K, reserved 1048576K
[5,178s][info ][gc,heap] GC(91) Eden regions: 7->0(23)
[5,178s][info ][gc,heap] GC(91) Survivor regions: 0->0(0)
[5,178s][info ][gc,heap] GC(91) Old regions: 3->3
[5,178s][info ][gc,heap] GC(91) Archive regions: 2->2
[5,178s][info ][gc,heap] GC(91) Humongous regions: 20->20
[5,178s][debug][gc,heap] GC(91) Heap after GC invocations=91 (full 0):
[5,178s][debug][gc,heap] GC(91)  garbage-first heap   total 32768K, used 23855K [0x00000000fe000000, 0x0000000100000000)
[5,178s][debug][gc,heap] GC(91)   region size 1024K, 0 young (0K), 0 survivors (0K)
[5,178s][debug][gc,heap] GC(91)  Metaspace       used 5954K, committed 6144K, reserved 1114112K
[5,178s][debug][gc,heap] GC(91)   class space    used 683K, committed 768K, reserved 1048576K
[5,179s][debug][gc,heap] GC(92) Heap before GC invocations=91 (full 0):
[5,179s][debug][gc,heap] GC(92)  garbage-first heap   total 32768K, used 29999K [0x00000000fe000000, 0x0000000100000000)
[5,179s][debug][gc,heap] GC(92)   region size 1024K, 7 young (7168K), 0 survivors (0K)
[5,179s][debug][gc,heap] GC(92)  Metaspace       used 5954K, committed 6144K, reserved 1114112K
[5,179s][debug][gc,heap] GC(92)   class space    used 683K, committed 768K, reserved 1048576K
[5,179s][info ][gc,heap] GC(92) Eden regions: 7->0(22)
[5,179s][info ][gc,heap] GC(92) Survivor regions: 0->0(0)
[5,179s][info ][gc,heap] GC(92) Old regions: 3->3
[5,179s][info ][gc,heap] GC(92) Archive regions: 2->2
[5,179s][info ][gc,heap] GC(92) Humongous regions: 20->20
[5,179s][debug][gc,heap] GC(92) Heap after GC invocations=92 (full 0):
[5,179s][debug][gc,heap] GC(92)  garbage-first heap   total 32768K, used 23855K [0x00000000fe000000, 0x0000000100000000)
[5,179s][debug][gc,heap] GC(92)   region size 1024K, 0 young (0K), 0 survivors (0K)
[5,179s][debug][gc,heap] GC(92)  Metaspace       used 5954K, committed 6144K, reserved 1114112K
[5,179s][debug][gc,heap] GC(92)   class space    used 683K, committed 768K, reserved 1048576K
[5,179s][debug][gc,heap] GC(93) Heap before GC invocations=92 (full 0):
[5,179s][debug][gc,heap] GC(93)  garbage-first heap   total 32768K, used 29999K [0x00000000fe000000, 0x0000000100000000)
[5,179s][debug][gc,heap] GC(93)   region size 1024K, 7 young (7168K), 0 survivors (0K)
[5,179s][debug][gc,heap] GC(93)  Metaspace       used 5954K, committed 6144K, reserved 1114112K
[5,179s][debug][gc,heap] GC(93)   class space    used 683K, committed 768K, reserved 1048576K
[5,179s][info ][gc,heap] GC(93) Eden regions: 7->0(22)
[5,179s][info ][gc,heap] GC(93) Survivor regions: 0->0(0)
[5,179s][info ][gc,heap] GC(93) Old regions: 3->3
[5,179s][info ][gc,heap] GC(93) Archive regions: 2->2
[5,179s][info ][gc,heap] GC(93) Humongous regions: 20->20
[5,179s][debug][gc,heap] GC(93) Heap after GC invocations=93 (full 0):
[5,179s][debug][gc,heap] GC(93)  garbage-first heap   total 32768K, used 23855K [0x00000000fe000000, 0x0000000100000000)
[5,179s][debug][gc,heap] GC(93)   region size 1024K, 0 young (0K), 0 survivors (0K)
[5,179s][debug][gc,heap] GC(93)  Metaspace       used 5954K, committed 6144K, reserved 1114112K
[5,179s][debug][gc,heap] GC(93)   class space    used 683K, committed 768K, reserved 1048576K
[5,179s][debug][gc,heap] GC(94) Heap before GC invocations=93 (full 0):
[5,179s][debug][gc,heap] GC(94)  garbage-first heap   total 32768K, used 29999K [0x00000000fe000000, 0x0000000100000000)
[5,179s][debug][gc,heap] GC(94)   region size 1024K, 7 young (7168K), 0 survivors (0K)
[5,179s][debug][gc,heap] GC(94)  Metaspace       used 5954K, committed 6144K, reserved 1114112K
[5,180s][debug][gc,heap] GC(94)   class space    used 683K, committed 768K, reserved 1048576K
[5,180s][info ][gc,heap] GC(94) Eden regions: 7->0(23)
[5,180s][info ][gc,heap] GC(94) Survivor regions: 0->0(0)
[5,180s][info ][gc,heap] GC(94) Old regions: 3->3
[5,180s][info ][gc,heap] GC(94) Archive regions: 2->2
[5,180s][info ][gc,heap] GC(94) Humongous regions: 20->20
[5,180s][debug][gc,heap] GC(94) Heap after GC invocations=94 (full 0):
[5,180s][debug][gc,heap] GC(94)  garbage-first heap   total 32768K, used 23855K [0x00000000fe000000, 0x0000000100000000)
[5,180s][debug][gc,heap] GC(94)   region size 1024K, 0 young (0K), 0 survivors (0K)
[5,180s][debug][gc,heap] GC(94)  Metaspace       used 5954K, committed 6144K, reserved 1114112K
[5,180s][debug][gc,heap] GC(94)   class space    used 683K, committed 768K, reserved 1048576K
[5,180s][debug][gc,heap] GC(95) Heap before GC invocations=94 (full 0):
[5,180s][debug][gc,heap] GC(95)  garbage-first heap   total 32768K, used 29999K [0x00000000fe000000, 0x0000000100000000)
[5,180s][debug][gc,heap] GC(95)   region size 1024K, 7 young (7168K), 0 survivors (0K)
[5,180s][debug][gc,heap] GC(95)  Metaspace       used 5954K, committed 6144K, reserved 1114112K
[5,180s][debug][gc,heap] GC(95)   class space    used 683K, committed 768K, reserved 1048576K
[5,180s][info ][gc,heap] GC(95) Eden regions: 7->0(23)
[5,180s][info ][gc,heap] GC(95) Survivor regions: 0->0(0)
[5,180s][info ][gc,heap] GC(95) Old regions: 3->3
[5,180s][info ][gc,heap] GC(95) Archive regions: 2->2
[5,180s][info ][gc,heap] GC(95) Humongous regions: 20->20
[5,180s][debug][gc,heap] GC(95) Heap after GC invocations=95 (full 0):
[5,180s][debug][gc,heap] GC(95)  garbage-first heap   total 32768K, used 23855K [0x00000000fe000000, 0x0000000100000000)
[5,180s][debug][gc,heap] GC(95)   region size 1024K, 0 young (0K), 0 survivors (0K)
[5,180s][debug][gc,heap] GC(95)  Metaspace       used 5954K, committed 6144K, reserved 1114112K
[5,180s][debug][gc,heap] GC(95)   class space    used 683K, committed 768K, reserved 1048576K
[5,181s][debug][gc,heap] GC(96) Heap before GC invocations=95 (full 0):
[5,181s][debug][gc,heap] GC(96)  garbage-first heap   total 32768K, used 29999K [0x00000000fe000000, 0x0000000100000000)
[5,181s][debug][gc,heap] GC(96)   region size 1024K, 7 young (7168K), 0 survivors (0K)
[5,181s][debug][gc,heap] GC(96)  Metaspace       used 5954K, committed 6144K, reserved 1114112K
[5,181s][debug][gc,heap] GC(96)   class space    used 683K, committed 768K, reserved 1048576K
[5,181s][info ][gc,heap] GC(96) Eden regions: 7->0(20)
[5,181s][info ][gc,heap] GC(96) Survivor regions: 0->0(0)
[5,181s][info ][gc,heap] GC(96) Old regions: 3->3
[5,181s][info ][gc,heap] GC(96) Archive regions: 2->2
[5,181s][info ][gc,heap] GC(96) Humongous regions: 20->20
[5,181s][debug][gc,heap] GC(96) Heap after GC invocations=96 (full 0):
[5,181s][debug][gc,heap] GC(96)  garbage-first heap   total 32768K, used 23855K [0x00000000fe000000, 0x0000000100000000)
[5,181s][debug][gc,heap] GC(96)   region size 1024K, 0 young (0K), 0 survivors (0K)
[5,181s][debug][gc,heap] GC(96)  Metaspace       used 5954K, committed 6144K, reserved 1114112K
[5,181s][debug][gc,heap] GC(96)   class space    used 683K, committed 768K, reserved 1048576K
[5,182s][debug][gc,heap] GC(97) Heap before GC invocations=96 (full 0):
[5,182s][debug][gc,heap] GC(97)  garbage-first heap   total 32768K, used 29999K [0x00000000fe000000, 0x0000000100000000)
[5,182s][debug][gc,heap] GC(97)   region size 1024K, 7 young (7168K), 0 survivors (0K)
[5,182s][debug][gc,heap] GC(97)  Metaspace       used 5954K, committed 6144K, reserved 1114112K
[5,182s][debug][gc,heap] GC(97)   class space    used 683K, committed 768K, reserved 1048576K
[5,182s][info ][gc,heap] GC(97) Eden regions: 7->0(19)
[5,182s][info ][gc,heap] GC(97) Survivor regions: 0->0(0)
[5,182s][info ][gc,heap] GC(97) Old regions: 3->3
[5,182s][info ][gc,heap] GC(97) Archive regions: 2->2
[5,182s][info ][gc,heap] GC(97) Humongous regions: 20->20
[5,182s][debug][gc,heap] GC(97) Heap after GC invocations=97 (full 0):
[5,182s][debug][gc,heap] GC(97)  garbage-first heap   total 32768K, used 23855K [0x00000000fe000000, 0x0000000100000000)
[5,182s][debug][gc,heap] GC(97)   region size 1024K, 0 young (0K), 0 survivors (0K)
[5,182s][debug][gc,heap] GC(97)  Metaspace       used 5954K, committed 6144K, reserved 1114112K
[5,182s][debug][gc,heap] GC(97)   class space    used 683K, committed 768K, reserved 1048576K
[5,183s][debug][gc,heap] GC(98) Heap before GC invocations=97 (full 0):
[5,183s][debug][gc,heap] GC(98)  garbage-first heap   total 32768K, used 29999K [0x00000000fe000000, 0x0000000100000000)
[5,183s][debug][gc,heap] GC(98)   region size 1024K, 7 young (7168K), 0 survivors (0K)
[5,183s][debug][gc,heap] GC(98)  Metaspace       used 5954K, committed 6144K, reserved 1114112K
[5,183s][debug][gc,heap] GC(98)   class space    used 683K, committed 768K, reserved 1048576K
[5,183s][info ][gc,heap] GC(98) Eden regions: 7->0(20)
[5,183s][info ][gc,heap] GC(98) Survivor regions: 0->0(0)
[5,183s][info ][gc,heap] GC(98) Old regions: 3->3
[5,183s][info ][gc,heap] GC(98) Archive regions: 2->2
[5,183s][info ][gc,heap] GC(98) Humongous regions: 20->20
[5,183s][debug][gc,heap] GC(98) Heap after GC invocations=98 (full 0):
[5,183s][debug][gc,heap] GC(98)  garbage-first heap   total 32768K, used 23855K [0x00000000fe000000, 0x0000000100000000)
[5,183s][debug][gc,heap] GC(98)   region size 1024K, 0 young (0K), 0 survivors (0K)
[5,183s][debug][gc,heap] GC(98)  Metaspace       used 5954K, committed 6144K, reserved 1114112K
[5,183s][debug][gc,heap] GC(98)   class space    used 683K, committed 768K, reserved 1048576K
[5,183s][debug][gc,heap] GC(99) Heap before GC invocations=99 (full 0):
[5,183s][debug][gc,heap] GC(99)  garbage-first heap   total 32768K, used 29999K [0x00000000fe000000, 0x0000000100000000)
[5,183s][debug][gc,heap] GC(99)   region size 1024K, 7 young (7168K), 0 survivors (0K)
[5,183s][debug][gc,heap] GC(99)  Metaspace       used 5954K, committed 6144K, reserved 1114112K
[5,183s][debug][gc,heap] GC(99)   class space    used 683K, committed 768K, reserved 1048576K
[5,183s][info ][gc,heap] GC(99) Eden regions: 7->0(20)
[5,183s][info ][gc,heap] GC(99) Survivor regions: 0->0(0)
[5,183s][info ][gc,heap] GC(99) Old regions: 3->3
[5,183s][info ][gc,heap] GC(99) Archive regions: 2->2
[5,183s][info ][gc,heap] GC(99) Humongous regions: 20->20
[5,183s][debug][gc,heap] GC(99) Heap after GC invocations=100 (full 0):
[5,183s][debug][gc,heap] GC(99)  garbage-first heap   total 32768K, used 23855K [0x00000000fe000000, 0x0000000100000000)
[5,183s][debug][gc,heap] GC(99)   region size 1024K, 0 young (0K), 0 survivors (0K)
[5,183s][debug][gc,heap] GC(99)  Metaspace       used 5954K, committed 6144K, reserved 1114112K
[5,183s][debug][gc,heap] GC(99)   class space    used 683K, committed 768K, reserved 1048576K
[5,184s][debug][gc,heap] GC(100) Heap before GC invocations=100 (full 0):
[5,184s][debug][gc,heap] GC(100)  garbage-first heap   total 32768K, used 29999K [0x00000000fe000000, 0x0000000100000000)
[5,184s][debug][gc,heap] GC(100)   region size 1024K, 7 young (7168K), 0 survivors (0K)
[5,184s][debug][gc,heap] GC(100)  Metaspace       used 5954K, committed 6144K, reserved 1114112K
[5,184s][debug][gc,heap] GC(100)   class space    used 683K, committed 768K, reserved 1048576K
[5,184s][info ][gc,heap] GC(100) Eden regions: 7->0(23)
[5,184s][info ][gc,heap] GC(100) Survivor regions: 0->0(0)
[5,184s][info ][gc,heap] GC(100) Old regions: 3->3
[5,184s][info ][gc,heap] GC(100) Archive regions: 2->2
[5,184s][info ][gc,heap] GC(100) Humongous regions: 20->20
[5,184s][debug][gc,heap] GC(100) Heap after GC invocations=101 (full 0):
[5,184s][debug][gc,heap] GC(100)  garbage-first heap   total 32768K, used 23855K [0x00000000fe000000, 0x0000000100000000)
[5,184s][debug][gc,heap] GC(100)   region size 1024K, 0 young (0K), 0 survivors (0K)
[5,184s][debug][gc,heap] GC(100)  Metaspace       used 5954K, committed 6144K, reserved 1114112K
[5,184s][debug][gc,heap] GC(100)   class space    used 683K, committed 768K, reserved 1048576K
[5,184s][debug][gc,heap] GC(102) Heap before GC invocations=101 (full 0):
[5,184s][debug][gc,heap] GC(102)  garbage-first heap   total 32768K, used 29999K [0x00000000fe000000, 0x0000000100000000)
[5,184s][debug][gc,heap] GC(102)   region size 1024K, 7 young (7168K), 0 survivors (0K)
[5,184s][debug][gc,heap] GC(102)  Metaspace       used 5954K, committed 6144K, reserved 1114112K
[5,184s][debug][gc,heap] GC(102)   class space    used 683K, committed 768K, reserved 1048576K
[5,184s][info ][gc,heap] GC(102) Eden regions: 7->0(23)
[5,184s][info ][gc,heap] GC(102) Survivor regions: 0->0(0)
[5,184s][info ][gc,heap] GC(102) Old regions: 3->3
[5,184s][info ][gc,heap] GC(102) Archive regions: 2->2
[5,184s][info ][gc,heap] GC(102) Humongous regions: 20->20
[5,184s][debug][gc,heap] GC(102) Heap after GC invocations=102 (full 0):
[5,184s][debug][gc,heap] GC(102)  garbage-first heap   total 32768K, used 23855K [0x00000000fe000000, 0x0000000100000000)
[5,184s][debug][gc,heap] GC(102)   region size 1024K, 0 young (0K), 0 survivors (0K)
[5,184s][debug][gc,heap] GC(102)  Metaspace       used 5954K, committed 6144K, reserved 1114112K
[5,184s][debug][gc,heap] GC(102)   class space    used 683K, committed 768K, reserved 1048576K
[5,184s][debug][gc,heap] GC(103) Heap before GC invocations=102 (full 0):
[5,184s][debug][gc,heap] GC(103)  garbage-first heap   total 32768K, used 29999K [0x00000000fe000000, 0x0000000100000000)
[5,184s][debug][gc,heap] GC(103)   region size 1024K, 7 young (7168K), 0 survivors (0K)
[5,184s][debug][gc,heap] GC(103)  Metaspace       used 5954K, committed 6144K, reserved 1114112K
[5,184s][debug][gc,heap] GC(103)   class space    used 683K, committed 768K, reserved 1048576K
[5,185s][info ][gc,heap] GC(103) Eden regions: 7->0(23)
[5,185s][info ][gc,heap] GC(103) Survivor regions: 0->0(0)
[5,185s][info ][gc,heap] GC(103) Old regions: 3->3
[5,185s][info ][gc,heap] GC(103) Archive regions: 2->2
[5,185s][info ][gc,heap] GC(103) Humongous regions: 20->20
[5,185s][debug][gc,heap] GC(103) Heap after GC invocations=103 (full 0):
[5,185s][debug][gc,heap] GC(103)  garbage-first heap   total 32768K, used 23855K [0x00000000fe000000, 0x0000000100000000)
[5,185s][debug][gc,heap] GC(103)   region size 1024K, 0 young (0K), 0 survivors (0K)
[5,185s][debug][gc,heap] GC(103)  Metaspace       used 5954K, committed 6144K, reserved 1114112K
[5,185s][debug][gc,heap] GC(103)   class space    used 683K, committed 768K, reserved 1048576K
[5,185s][debug][gc,heap] GC(104) Heap before GC invocations=103 (full 0):
[5,185s][debug][gc,heap] GC(104)  garbage-first heap   total 32768K, used 28975K [0x00000000fe000000, 0x0000000100000000)
[5,185s][debug][gc,heap] GC(104)   region size 1024K, 7 young (7168K), 0 survivors (0K)
[5,185s][debug][gc,heap] GC(104)  Metaspace       used 5954K, committed 6144K, reserved 1114112K
[5,185s][debug][gc,heap] GC(104)   class space    used 683K, committed 768K, reserved 1048576K
[5,185s][info ][gc,heap] GC(104) Eden regions: 7->0(23)
[5,185s][info ][gc,heap] GC(104) Survivor regions: 0->0(0)
[5,185s][info ][gc,heap] GC(104) Old regions: 3->3
[5,185s][info ][gc,heap] GC(104) Archive regions: 2->2
[5,185s][info ][gc,heap] GC(104) Humongous regions: 20->20
[5,185s][debug][gc,heap] GC(104) Heap after GC invocations=104 (full 0):
[5,185s][debug][gc,heap] GC(104)  garbage-first heap   total 32768K, used 23855K [0x00000000fe000000, 0x0000000100000000)
[5,185s][debug][gc,heap] GC(104)   region size 1024K, 0 young (0K), 0 survivors (0K)
[5,185s][debug][gc,heap] GC(104)  Metaspace       used 5954K, committed 6144K, reserved 1114112K
[5,185s][debug][gc,heap] GC(104)   class space    used 683K, committed 768K, reserved 1048576K
[5,685s][debug][gc,heap] GC(105) Heap before GC invocations=105 (full 0):
[5,686s][debug][gc,heap] GC(105)  garbage-first heap   total 32768K, used 29999K [0x00000000fe000000, 0x0000000100000000)
[5,686s][debug][gc,heap] GC(105)   region size 1024K, 5 young (5120K), 0 survivors (0K)
[5,686s][debug][gc,heap] GC(105)  Metaspace       used 5962K, committed 6144K, reserved 1114112K
[5,686s][debug][gc,heap] GC(105)   class space    used 684K, committed 768K, reserved 1048576K
[5,686s][info ][gc,heap] GC(105) Eden regions: 5->0(20)
[5,686s][info ][gc,heap] GC(105) Survivor regions: 0->0(0)
[5,686s][info ][gc,heap] GC(105) Old regions: 3->3
[5,686s][info ][gc,heap] GC(105) Archive regions: 2->2
[5,686s][info ][gc,heap] GC(105) Humongous regions: 22->22
[5,686s][debug][gc,heap] GC(105) Heap after GC invocations=106 (full 0):
[5,686s][debug][gc,heap] GC(105)  garbage-first heap   total 32768K, used 25907K [0x00000000fe000000, 0x0000000100000000)
[5,686s][debug][gc,heap] GC(105)   region size 1024K, 0 young (0K), 0 survivors (0K)
[5,686s][debug][gc,heap] GC(105)  Metaspace       used 5962K, committed 6144K, reserved 1114112K
[5,686s][debug][gc,heap] GC(105)   class space    used 684K, committed 768K, reserved 1048576K
[5,686s][debug][gc,heap] GC(106) Heap before GC invocations=106 (full 0):
[5,686s][debug][gc,heap] GC(106)  garbage-first heap   total 32768K, used 27955K [0x00000000fe000000, 0x0000000100000000)
[5,686s][debug][gc,heap] GC(106)   region size 1024K, 4 young (4096K), 0 survivors (0K)
[5,686s][debug][gc,heap] GC(106)  Metaspace       used 5962K, committed 6144K, reserved 1114112K
[5,686s][debug][gc,heap] GC(106)   class space    used 684K, committed 768K, reserved 1048576K
[5,686s][info ][gc,heap] GC(106) Eden regions: 4->0(21)
[5,686s][info ][gc,heap] GC(106) Survivor regions: 0->0(1)
[5,686s][info ][gc,heap] GC(106) Old regions: 3->3
[5,686s][info ][gc,heap] GC(106) Archive regions: 2->2
[5,686s][info ][gc,heap] GC(106) Humongous regions: 22->22
[5,686s][debug][gc,heap] GC(106) Heap after GC invocations=107 (full 0):
[5,686s][debug][gc,heap] GC(106)  garbage-first heap   total 32768K, used 25907K [0x00000000fe000000, 0x0000000100000000)
[5,686s][debug][gc,heap] GC(106)   region size 1024K, 0 young (0K), 0 survivors (0K)
[5,686s][debug][gc,heap] GC(106)  Metaspace       used 5962K, committed 6144K, reserved 1114112K
[5,686s][debug][gc,heap] GC(106)   class space    used 684K, committed 768K, reserved 1048576K
[5,687s][debug][gc,heap] GC(108) Heap before GC invocations=107 (full 0):
[5,687s][debug][gc,heap] GC(108)  garbage-first heap   total 32768K, used 27955K [0x00000000fe000000, 0x0000000100000000)
[5,687s][debug][gc,heap] GC(108)   region size 1024K, 4 young (4096K), 0 survivors (0K)
[5,687s][debug][gc,heap] GC(108)  Metaspace       used 5962K, committed 6144K, reserved 1114112K
[5,687s][debug][gc,heap] GC(108)   class space    used 684K, committed 768K, reserved 1048576K
[5,687s][info ][gc,heap] GC(108) Eden regions: 4->0(20)
[5,687s][info ][gc,heap] GC(108) Survivor regions: 0->0(1)
[5,687s][info ][gc,heap] GC(108) Old regions: 3->3
[5,687s][info ][gc,heap] GC(108) Archive regions: 2->2
[5,687s][info ][gc,heap] GC(108) Humongous regions: 22->22
[5,687s][debug][gc,heap] GC(108) Heap after GC invocations=108 (full 0):
[5,687s][debug][gc,heap] GC(108)  garbage-first heap   total 32768K, used 25907K [0x00000000fe000000, 0x0000000100000000)
[5,687s][debug][gc,heap] GC(108)   region size 1024K, 0 young (0K), 0 survivors (0K)
[5,687s][debug][gc,heap] GC(108)  Metaspace       used 5962K, committed 6144K, reserved 1114112K
[5,687s][debug][gc,heap] GC(108)   class space    used 684K, committed 768K, reserved 1048576K
[5,687s][debug][gc,heap] GC(109) Heap before GC invocations=108 (full 0):
[5,687s][debug][gc,heap] GC(109)  garbage-first heap   total 32768K, used 27955K [0x00000000fe000000, 0x0000000100000000)
[5,687s][debug][gc,heap] GC(109)   region size 1024K, 4 young (4096K), 0 survivors (0K)
[5,687s][debug][gc,heap] GC(109)  Metaspace       used 5962K, committed 6144K, reserved 1114112K
[5,687s][debug][gc,heap] GC(109)   class space    used 684K, committed 768K, reserved 1048576K
[5,687s][info ][gc,heap] GC(109) Eden regions: 4->0(19)
[5,687s][info ][gc,heap] GC(109) Survivor regions: 0->0(1)
[5,687s][info ][gc,heap] GC(109) Old regions: 3->3
[5,687s][info ][gc,heap] GC(109) Archive regions: 2->2
[5,687s][info ][gc,heap] GC(109) Humongous regions: 22->22
[5,687s][debug][gc,heap] GC(109) Heap after GC invocations=109 (full 0):
[5,687s][debug][gc,heap] GC(109)  garbage-first heap   total 32768K, used 25907K [0x00000000fe000000, 0x0000000100000000)
[5,687s][debug][gc,heap] GC(109)   region size 1024K, 0 young (0K), 0 survivors (0K)
[5,687s][debug][gc,heap] GC(109)  Metaspace       used 5962K, committed 6144K, reserved 1114112K
[5,687s][debug][gc,heap] GC(109)   class space    used 684K, committed 768K, reserved 1048576K
[5,687s][debug][gc,heap] GC(110) Heap before GC invocations=109 (full 0):
[5,687s][debug][gc,heap] GC(110)  garbage-first heap   total 32768K, used 27955K [0x00000000fe000000, 0x0000000100000000)
[5,687s][debug][gc,heap] GC(110)   region size 1024K, 4 young (4096K), 0 survivors (0K)
[5,687s][debug][gc,heap] GC(110)  Metaspace       used 5962K, committed 6144K, reserved 1114112K
[5,687s][debug][gc,heap] GC(110)   class space    used 684K, committed 768K, reserved 1048576K
[5,688s][info ][gc,heap] GC(110) Eden regions: 4->0(20)
[5,688s][info ][gc,heap] GC(110) Survivor regions: 0->0(1)
[5,688s][info ][gc,heap] GC(110) Old regions: 3->3
[5,688s][info ][gc,heap] GC(110) Archive regions: 2->2
[5,688s][info ][gc,heap] GC(110) Humongous regions: 22->22
[5,688s][debug][gc,heap] GC(110) Heap after GC invocations=110 (full 0):
[5,688s][debug][gc,heap] GC(110)  garbage-first heap   total 32768K, used 25907K [0x00000000fe000000, 0x0000000100000000)
[5,688s][debug][gc,heap] GC(110)   region size 1024K, 0 young (0K), 0 survivors (0K)
[5,688s][debug][gc,heap] GC(110)  Metaspace       used 5962K, committed 6144K, reserved 1114112K
[5,688s][debug][gc,heap] GC(110)   class space    used 684K, committed 768K, reserved 1048576K
[5,688s][debug][gc,heap] GC(111) Heap before GC invocations=110 (full 0):
[5,688s][debug][gc,heap] GC(111)  garbage-first heap   total 32768K, used 27955K [0x00000000fe000000, 0x0000000100000000)
[5,688s][debug][gc,heap] GC(111)   region size 1024K, 4 young (4096K), 0 survivors (0K)
[5,688s][debug][gc,heap] GC(111)  Metaspace       used 5962K, committed 6144K, reserved 1114112K
[5,688s][debug][gc,heap] GC(111)   class space    used 684K, committed 768K, reserved 1048576K
[5,688s][info ][gc,heap] GC(111) Eden regions: 4->0(21)
[5,688s][info ][gc,heap] GC(111) Survivor regions: 0->0(1)
[5,688s][info ][gc,heap] GC(111) Old regions: 3->3
[5,688s][info ][gc,heap] GC(111) Archive regions: 2->2
[5,688s][info ][gc,heap] GC(111) Humongous regions: 22->22
[5,688s][debug][gc,heap] GC(111) Heap after GC invocations=111 (full 0):
[5,688s][debug][gc,heap] GC(111)  garbage-first heap   total 32768K, used 25907K [0x00000000fe000000, 0x0000000100000000)
[5,688s][debug][gc,heap] GC(111)   region size 1024K, 0 young (0K), 0 survivors (0K)
[5,688s][debug][gc,heap] GC(111)  Metaspace       used 5962K, committed 6144K, reserved 1114112K
[5,688s][debug][gc,heap] GC(111)   class space    used 684K, committed 768K, reserved 1048576K
[5,688s][debug][gc,heap] GC(112) Heap before GC invocations=111 (full 0):
[5,688s][debug][gc,heap] GC(112)  garbage-first heap   total 32768K, used 27955K [0x00000000fe000000, 0x0000000100000000)
[5,688s][debug][gc,heap] GC(112)   region size 1024K, 4 young (4096K), 0 survivors (0K)
[5,688s][debug][gc,heap] GC(112)  Metaspace       used 5962K, committed 6144K, reserved 1114112K
[5,688s][debug][gc,heap] GC(112)   class space    used 684K, committed 768K, reserved 1048576K
[5,688s][info ][gc,heap] GC(112) Eden regions: 4->0(21)
[5,688s][info ][gc,heap] GC(112) Survivor regions: 0->0(1)
[5,688s][info ][gc,heap] GC(112) Old regions: 3->3
[5,688s][info ][gc,heap] GC(112) Archive regions: 2->2
[5,688s][info ][gc,heap] GC(112) Humongous regions: 22->22
[5,688s][debug][gc,heap] GC(112) Heap after GC invocations=112 (full 0):
[5,688s][debug][gc,heap] GC(112)  garbage-first heap   total 32768K, used 25907K [0x00000000fe000000, 0x0000000100000000)
[5,688s][debug][gc,heap] GC(112)   region size 1024K, 0 young (0K), 0 survivors (0K)
[5,688s][debug][gc,heap] GC(112)  Metaspace       used 5962K, committed 6144K, reserved 1114112K
[5,688s][debug][gc,heap] GC(112)   class space    used 684K, committed 768K, reserved 1048576K
[5,688s][debug][gc,heap] GC(113) Heap before GC invocations=112 (full 0):
[5,688s][debug][gc,heap] GC(113)  garbage-first heap   total 32768K, used 27955K [0x00000000fe000000, 0x0000000100000000)
[5,688s][debug][gc,heap] GC(113)   region size 1024K, 4 young (4096K), 0 survivors (0K)
[5,688s][debug][gc,heap] GC(113)  Metaspace       used 5962K, committed 6144K, reserved 1114112K
[5,688s][debug][gc,heap] GC(113)   class space    used 684K, committed 768K, reserved 1048576K
[5,688s][info ][gc,heap] GC(113) Eden regions: 4->0(21)
[5,688s][info ][gc,heap] GC(113) Survivor regions: 0->0(1)
[5,688s][info ][gc,heap] GC(113) Old regions: 3->3
[5,688s][info ][gc,heap] GC(113) Archive regions: 2->2
[5,688s][info ][gc,heap] GC(113) Humongous regions: 22->22
[5,688s][debug][gc,heap] GC(113) Heap after GC invocations=113 (full 0):
[5,688s][debug][gc,heap] GC(113)  garbage-first heap   total 32768K, used 25907K [0x00000000fe000000, 0x0000000100000000)
[5,688s][debug][gc,heap] GC(113)   region size 1024K, 0 young (0K), 0 survivors (0K)
[5,688s][debug][gc,heap] GC(113)  Metaspace       used 5962K, committed 6144K, reserved 1114112K
[5,688s][debug][gc,heap] GC(113)   class space    used 684K, committed 768K, reserved 1048576K
[5,689s][debug][gc,heap] GC(114) Heap before GC invocations=113 (full 0):
[5,689s][debug][gc,heap] GC(114)  garbage-first heap   total 32768K, used 27955K [0x00000000fe000000, 0x0000000100000000)
[5,689s][debug][gc,heap] GC(114)   region size 1024K, 4 young (4096K), 0 survivors (0K)
[5,689s][debug][gc,heap] GC(114)  Metaspace       used 5962K, committed 6144K, reserved 1114112K
[5,689s][debug][gc,heap] GC(114)   class space    used 684K, committed 768K, reserved 1048576K
[5,689s][info ][gc,heap] GC(114) Eden regions: 4->0(21)
[5,689s][info ][gc,heap] GC(114) Survivor regions: 0->0(1)
[5,689s][info ][gc,heap] GC(114) Old regions: 3->3
[5,689s][info ][gc,heap] GC(114) Archive regions: 2->2
[5,689s][info ][gc,heap] GC(114) Humongous regions: 22->22
[5,689s][debug][gc,heap] GC(114) Heap after GC invocations=114 (full 0):
[5,689s][debug][gc,heap] GC(114)  garbage-first heap   total 32768K, used 25907K [0x00000000fe000000, 0x0000000100000000)
[5,689s][debug][gc,heap] GC(114)   region size 1024K, 0 young (0K), 0 survivors (0K)
[5,689s][debug][gc,heap] GC(114)  Metaspace       used 5962K, committed 6144K, reserved 1114112K
[5,689s][debug][gc,heap] GC(114)   class space    used 684K, committed 768K, reserved 1048576K
[5,689s][debug][gc,heap] GC(115) Heap before GC invocations=114 (full 0):
[5,689s][debug][gc,heap] GC(115)  garbage-first heap   total 32768K, used 27955K [0x00000000fe000000, 0x0000000100000000)
[5,689s][debug][gc,heap] GC(115)   region size 1024K, 4 young (4096K), 0 survivors (0K)
[5,689s][debug][gc,heap] GC(115)  Metaspace       used 5962K, committed 6144K, reserved 1114112K
[5,689s][debug][gc,heap] GC(115)   class space    used 684K, committed 768K, reserved 1048576K
[5,689s][info ][gc,heap] GC(115) Eden regions: 4->0(21)
[5,689s][info ][gc,heap] GC(115) Survivor regions: 0->0(1)
[5,689s][info ][gc,heap] GC(115) Old regions: 3->3
[5,689s][info ][gc,heap] GC(115) Archive regions: 2->2
[5,689s][info ][gc,heap] GC(115) Humongous regions: 22->22
[5,689s][debug][gc,heap] GC(115) Heap after GC invocations=115 (full 0):
[5,689s][debug][gc,heap] GC(115)  garbage-first heap   total 32768K, used 25907K [0x00000000fe000000, 0x0000000100000000)
[5,689s][debug][gc,heap] GC(115)   region size 1024K, 0 young (0K), 0 survivors (0K)
[5,689s][debug][gc,heap] GC(115)  Metaspace       used 5962K, committed 6144K, reserved 1114112K
[5,689s][debug][gc,heap] GC(115)   class space    used 684K, committed 768K, reserved 1048576K
[5,689s][debug][gc,heap] GC(116) Heap before GC invocations=115 (full 0):
[5,689s][debug][gc,heap] GC(116)  garbage-first heap   total 32768K, used 27955K [0x00000000fe000000, 0x0000000100000000)
[5,689s][debug][gc,heap] GC(116)   region size 1024K, 4 young (4096K), 0 survivors (0K)
[5,689s][debug][gc,heap] GC(116)  Metaspace       used 5962K, committed 6144K, reserved 1114112K
[5,689s][debug][gc,heap] GC(116)   class space    used 684K, committed 768K, reserved 1048576K
[5,689s][info ][gc,heap] GC(116) Eden regions: 4->0(22)
[5,689s][info ][gc,heap] GC(116) Survivor regions: 0->0(1)
[5,689s][info ][gc,heap] GC(116) Old regions: 3->3
[5,689s][info ][gc,heap] GC(116) Archive regions: 2->2
[5,689s][info ][gc,heap] GC(116) Humongous regions: 22->22
[5,689s][debug][gc,heap] GC(116) Heap after GC invocations=116 (full 0):
[5,689s][debug][gc,heap] GC(116)  garbage-first heap   total 32768K, used 25907K [0x00000000fe000000, 0x0000000100000000)
[5,689s][debug][gc,heap] GC(116)   region size 1024K, 0 young (0K), 0 survivors (0K)
[5,689s][debug][gc,heap] GC(116)  Metaspace       used 5962K, committed 6144K, reserved 1114112K
[5,689s][debug][gc,heap] GC(116)   class space    used 684K, committed 768K, reserved 1048576K
[5,689s][debug][gc,heap] GC(117) Heap before GC invocations=116 (full 0):
[5,689s][debug][gc,heap] GC(117)  garbage-first heap   total 32768K, used 27955K [0x00000000fe000000, 0x0000000100000000)
[5,689s][debug][gc,heap] GC(117)   region size 1024K, 4 young (4096K), 0 survivors (0K)
[5,689s][debug][gc,heap] GC(117)  Metaspace       used 5962K, committed 6144K, reserved 1114112K
[5,690s][debug][gc,heap] GC(117)   class space    used 684K, committed 768K, reserved 1048576K
[5,690s][info ][gc,heap] GC(117) Eden regions: 4->0(20)
[5,690s][info ][gc,heap] GC(117) Survivor regions: 0->0(1)
[5,690s][info ][gc,heap] GC(117) Old regions: 3->3
[5,690s][info ][gc,heap] GC(117) Archive regions: 2->2
[5,690s][info ][gc,heap] GC(117) Humongous regions: 22->22
[5,690s][debug][gc,heap] GC(117) Heap after GC invocations=117 (full 0):
[5,690s][debug][gc,heap] GC(117)  garbage-first heap   total 32768K, used 25907K [0x00000000fe000000, 0x0000000100000000)
[5,690s][debug][gc,heap] GC(117)   region size 1024K, 0 young (0K), 0 survivors (0K)
[5,690s][debug][gc,heap] GC(117)  Metaspace       used 5962K, committed 6144K, reserved 1114112K
[5,690s][debug][gc,heap] GC(117)   class space    used 684K, committed 768K, reserved 1048576K
[5,690s][debug][gc,heap] GC(118) Heap before GC invocations=117 (full 0):
[5,690s][debug][gc,heap] GC(118)  garbage-first heap   total 32768K, used 27955K [0x00000000fe000000, 0x0000000100000000)
[5,690s][debug][gc,heap] GC(118)   region size 1024K, 4 young (4096K), 0 survivors (0K)
[5,690s][debug][gc,heap] GC(118)  Metaspace       used 5962K, committed 6144K, reserved 1114112K
[5,690s][debug][gc,heap] GC(118)   class space    used 684K, committed 768K, reserved 1048576K
[5,690s][info ][gc,heap] GC(118) Eden regions: 4->0(20)
[5,690s][info ][gc,heap] GC(118) Survivor regions: 0->0(1)
[5,690s][info ][gc,heap] GC(118) Old regions: 3->3
[5,690s][info ][gc,heap] GC(118) Archive regions: 2->2
[5,690s][info ][gc,heap] GC(118) Humongous regions: 22->22
[5,690s][debug][gc,heap] GC(118) Heap after GC invocations=118 (full 0):
[5,690s][debug][gc,heap] GC(118)  garbage-first heap   total 32768K, used 25907K [0x00000000fe000000, 0x0000000100000000)
[5,690s][debug][gc,heap] GC(118)   region size 1024K, 0 young (0K), 0 survivors (0K)
[5,690s][debug][gc,heap] GC(118)  Metaspace       used 5962K, committed 6144K, reserved 1114112K
[5,690s][debug][gc,heap] GC(118)   class space    used 684K, committed 768K, reserved 1048576K
[5,691s][debug][gc,heap] GC(119) Heap before GC invocations=118 (full 0):
[5,691s][debug][gc,heap] GC(119)  garbage-first heap   total 32768K, used 27955K [0x00000000fe000000, 0x0000000100000000)
[5,691s][debug][gc,heap] GC(119)   region size 1024K, 4 young (4096K), 0 survivors (0K)
[5,691s][debug][gc,heap] GC(119)  Metaspace       used 5962K, committed 6144K, reserved 1114112K
[5,691s][debug][gc,heap] GC(119)   class space    used 684K, committed 768K, reserved 1048576K
[5,691s][info ][gc,heap] GC(119) Eden regions: 4->0(18)
[5,691s][info ][gc,heap] GC(119) Survivor regions: 0->0(1)
[5,691s][info ][gc,heap] GC(119) Old regions: 3->3
[5,691s][info ][gc,heap] GC(119) Archive regions: 2->2
[5,691s][info ][gc,heap] GC(119) Humongous regions: 22->22
[5,691s][debug][gc,heap] GC(119) Heap after GC invocations=119 (full 0):
[5,691s][debug][gc,heap] GC(119)  garbage-first heap   total 32768K, used 25907K [0x00000000fe000000, 0x0000000100000000)
[5,691s][debug][gc,heap] GC(119)   region size 1024K, 0 young (0K), 0 survivors (0K)
[5,691s][debug][gc,heap] GC(119)  Metaspace       used 5962K, committed 6144K, reserved 1114112K
[5,691s][debug][gc,heap] GC(119)   class space    used 684K, committed 768K, reserved 1048576K
[5,691s][debug][gc,heap] GC(120) Heap before GC invocations=119 (full 0):
[5,691s][debug][gc,heap] GC(120)  garbage-first heap   total 32768K, used 27955K [0x00000000fe000000, 0x0000000100000000)
[5,691s][debug][gc,heap] GC(120)   region size 1024K, 4 young (4096K), 0 survivors (0K)
[5,691s][debug][gc,heap] GC(120)  Metaspace       used 5962K, committed 6144K, reserved 1114112K
[5,691s][debug][gc,heap] GC(120)   class space    used 684K, committed 768K, reserved 1048576K
[5,691s][info ][gc,heap] GC(120) Eden regions: 4->0(18)
[5,691s][info ][gc,heap] GC(120) Survivor regions: 0->0(1)
[5,691s][info ][gc,heap] GC(120) Old regions: 3->3
[5,692s][info ][gc,heap] GC(120) Archive regions: 2->2
[5,692s][info ][gc,heap] GC(120) Humongous regions: 22->22
[5,692s][debug][gc,heap] GC(120) Heap after GC invocations=120 (full 0):
[5,692s][debug][gc,heap] GC(120)  garbage-first heap   total 32768K, used 25907K [0x00000000fe000000, 0x0000000100000000)
[5,692s][debug][gc,heap] GC(120)   region size 1024K, 0 young (0K), 0 survivors (0K)
[5,692s][debug][gc,heap] GC(120)  Metaspace       used 5962K, committed 6144K, reserved 1114112K
[5,692s][debug][gc,heap] GC(120)   class space    used 684K, committed 768K, reserved 1048576K
[5,692s][debug][gc,heap] GC(121) Heap before GC invocations=120 (full 0):
[5,692s][debug][gc,heap] GC(121)  garbage-first heap   total 32768K, used 27955K [0x00000000fe000000, 0x0000000100000000)
[5,692s][debug][gc,heap] GC(121)   region size 1024K, 4 young (4096K), 0 survivors (0K)
[5,692s][debug][gc,heap] GC(121)  Metaspace       used 5962K, committed 6144K, reserved 1114112K
[5,692s][debug][gc,heap] GC(121)   class space    used 684K, committed 768K, reserved 1048576K
[5,692s][info ][gc,heap] GC(121) Eden regions: 4->0(17)
[5,692s][info ][gc,heap] GC(121) Survivor regions: 0->0(1)
[5,692s][info ][gc,heap] GC(121) Old regions: 3->3
[5,692s][info ][gc,heap] GC(121) Archive regions: 2->2
[5,692s][info ][gc,heap] GC(121) Humongous regions: 22->22
[5,692s][debug][gc,heap] GC(121) Heap after GC invocations=121 (full 0):
[5,692s][debug][gc,heap] GC(121)  garbage-first heap   total 32768K, used 25907K [0x00000000fe000000, 0x0000000100000000)
[5,692s][debug][gc,heap] GC(121)   region size 1024K, 0 young (0K), 0 survivors (0K)
[5,692s][debug][gc,heap] GC(121)  Metaspace       used 5962K, committed 6144K, reserved 1114112K
[5,692s][debug][gc,heap] GC(121)   class space    used 684K, committed 768K, reserved 1048576K
[5,692s][debug][gc,heap] GC(122) Heap before GC invocations=121 (full 0):
[5,692s][debug][gc,heap] GC(122)  garbage-first heap   total 32768K, used 27955K [0x00000000fe000000, 0x0000000100000000)
[5,692s][debug][gc,heap] GC(122)   region size 1024K, 4 young (4096K), 0 survivors (0K)
[5,692s][debug][gc,heap] GC(122)  Metaspace       used 5962K, committed 6144K, reserved 1114112K
[5,692s][debug][gc,heap] GC(122)   class space    used 684K, committed 768K, reserved 1048576K
[5,692s][info ][gc,heap] GC(122) Eden regions: 4->0(18)
[5,692s][info ][gc,heap] GC(122) Survivor regions: 0->0(1)
[5,692s][info ][gc,heap] GC(122) Old regions: 3->3
[5,692s][info ][gc,heap] GC(122) Archive regions: 2->2
[5,692s][info ][gc,heap] GC(122) Humongous regions: 22->22
[5,692s][debug][gc,heap] GC(122) Heap after GC invocations=122 (full 0):
[5,692s][debug][gc,heap] GC(122)  garbage-first heap   total 32768K, used 25907K [0x00000000fe000000, 0x0000000100000000)
[5,692s][debug][gc,heap] GC(122)   region size 1024K, 0 young (0K), 0 survivors (0K)
[5,692s][debug][gc,heap] GC(122)  Metaspace       used 5962K, committed 6144K, reserved 1114112K
[5,692s][debug][gc,heap] GC(122)   class space    used 684K, committed 768K, reserved 1048576K
[5,692s][debug][gc,heap] GC(123) Heap before GC invocations=123 (full 0):
[5,692s][debug][gc,heap] GC(123)  garbage-first heap   total 32768K, used 27955K [0x00000000fe000000, 0x0000000100000000)
[5,692s][debug][gc,heap] GC(123)   region size 1024K, 4 young (4096K), 0 survivors (0K)
[5,692s][debug][gc,heap] GC(123)  Metaspace       used 5962K, committed 6144K, reserved 1114112K
[5,692s][debug][gc,heap] GC(123)   class space    used 684K, committed 768K, reserved 1048576K
[5,692s][info ][gc,heap] GC(123) Eden regions: 4->0(18)
[5,692s][info ][gc,heap] GC(123) Survivor regions: 0->0(1)
[5,692s][info ][gc,heap] GC(123) Old regions: 3->3
[5,692s][info ][gc,heap] GC(123) Archive regions: 2->2
[5,692s][info ][gc,heap] GC(123) Humongous regions: 22->22
[5,692s][debug][gc,heap] GC(123) Heap after GC invocations=124 (full 0):
[5,692s][debug][gc,heap] GC(123)  garbage-first heap   total 32768K, used 25907K [0x00000000fe000000, 0x0000000100000000)
[5,692s][debug][gc,heap] GC(123)   region size 1024K, 0 young (0K), 0 survivors (0K)
[5,692s][debug][gc,heap] GC(123)  Metaspace       used 5962K, committed 6144K, reserved 1114112K
[5,692s][debug][gc,heap] GC(123)   class space    used 684K, committed 768K, reserved 1048576K
[5,693s][debug][gc,heap] GC(124) Heap before GC invocations=124 (full 0):
[5,693s][debug][gc,heap] GC(124)  garbage-first heap   total 32768K, used 27955K [0x00000000fe000000, 0x0000000100000000)
[5,693s][debug][gc,heap] GC(124)   region size 1024K, 4 young (4096K), 0 survivors (0K)
[5,693s][debug][gc,heap] GC(124)  Metaspace       used 5962K, committed 6144K, reserved 1114112K
[5,693s][debug][gc,heap] GC(124)   class space    used 684K, committed 768K, reserved 1048576K
[5,693s][info ][gc,heap] GC(124) Eden regions: 4->0(18)
[5,693s][info ][gc,heap] GC(124) Survivor regions: 0->0(1)
[5,693s][info ][gc,heap] GC(124) Old regions: 3->3
[5,693s][info ][gc,heap] GC(124) Archive regions: 2->2
[5,693s][info ][gc,heap] GC(124) Humongous regions: 22->22
[5,693s][debug][gc,heap] GC(124) Heap after GC invocations=125 (full 0):
[5,693s][debug][gc,heap] GC(124)  garbage-first heap   total 32768K, used 25907K [0x00000000fe000000, 0x0000000100000000)
[5,693s][debug][gc,heap] GC(124)   region size 1024K, 0 young (0K), 0 survivors (0K)
[5,693s][debug][gc,heap] GC(124)  Metaspace       used 5962K, committed 6144K, reserved 1114112K
[5,693s][debug][gc,heap] GC(124)   class space    used 684K, committed 768K, reserved 1048576K
[5,693s][debug][gc,heap] GC(126) Heap before GC invocations=125 (full 0):
[5,693s][debug][gc,heap] GC(126)  garbage-first heap   total 32768K, used 27955K [0x00000000fe000000, 0x0000000100000000)
[5,693s][debug][gc,heap] GC(126)   region size 1024K, 4 young (4096K), 0 survivors (0K)
[5,693s][debug][gc,heap] GC(126)  Metaspace       used 5962K, committed 6144K, reserved 1114112K
[5,693s][debug][gc,heap] GC(126)   class space    used 684K, committed 768K, reserved 1048576K
[5,693s][info ][gc,heap] GC(126) Eden regions: 4->0(19)
[5,693s][info ][gc,heap] GC(126) Survivor regions: 0->0(1)
[5,693s][info ][gc,heap] GC(126) Old regions: 3->3
[5,693s][info ][gc,heap] GC(126) Archive regions: 2->2
[5,693s][info ][gc,heap] GC(126) Humongous regions: 22->22
[5,693s][debug][gc,heap] GC(126) Heap after GC invocations=126 (full 0):
[5,693s][debug][gc,heap] GC(126)  garbage-first heap   total 32768K, used 25907K [0x00000000fe000000, 0x0000000100000000)
[5,693s][debug][gc,heap] GC(126)   region size 1024K, 0 young (0K), 0 survivors (0K)
[5,693s][debug][gc,heap] GC(126)  Metaspace       used 5962K, committed 6144K, reserved 1114112K
[5,693s][debug][gc,heap] GC(126)   class space    used 684K, committed 768K, reserved 1048576K
[5,693s][debug][gc,heap] GC(127) Heap before GC invocations=126 (full 0):
[5,693s][debug][gc,heap] GC(127)  garbage-first heap   total 32768K, used 27955K [0x00000000fe000000, 0x0000000100000000)
[5,693s][debug][gc,heap] GC(127)   region size 1024K, 4 young (4096K), 0 survivors (0K)
[5,693s][debug][gc,heap] GC(127)  Metaspace       used 5962K, committed 6144K, reserved 1114112K
[5,693s][debug][gc,heap] GC(127)   class space    used 684K, committed 768K, reserved 1048576K
[5,694s][info ][gc,heap] GC(127) Eden regions: 4->0(19)
[5,694s][info ][gc,heap] GC(127) Survivor regions: 0->0(1)
[5,694s][info ][gc,heap] GC(127) Old regions: 3->3
[5,694s][info ][gc,heap] GC(127) Archive regions: 2->2
[5,694s][info ][gc,heap] GC(127) Humongous regions: 22->22
[5,694s][debug][gc,heap] GC(127) Heap after GC invocations=127 (full 0):
[5,694s][debug][gc,heap] GC(127)  garbage-first heap   total 32768K, used 25907K [0x00000000fe000000, 0x0000000100000000)
[5,694s][debug][gc,heap] GC(127)   region size 1024K, 0 young (0K), 0 survivors (0K)
[5,694s][debug][gc,heap] GC(127)  Metaspace       used 5962K, committed 6144K, reserved 1114112K
[5,694s][debug][gc,heap] GC(127)   class space    used 684K, committed 768K, reserved 1048576K
[5,694s][debug][gc,heap] GC(128) Heap before GC invocations=127 (full 0):
[5,694s][debug][gc,heap] GC(128)  garbage-first heap   total 32768K, used 27955K [0x00000000fe000000, 0x0000000100000000)
[5,694s][debug][gc,heap] GC(128)   region size 1024K, 4 young (4096K), 0 survivors (0K)
[5,694s][debug][gc,heap] GC(128)  Metaspace       used 5962K, committed 6144K, reserved 1114112K
[5,694s][debug][gc,heap] GC(128)   class space    used 684K, committed 768K, reserved 1048576K
[5,694s][info ][gc,heap] GC(128) Eden regions: 4->0(19)
[5,694s][info ][gc,heap] GC(128) Survivor regions: 0->0(1)
[5,694s][info ][gc,heap] GC(128) Old regions: 3->3
[5,694s][info ][gc,heap] GC(128) Archive regions: 2->2
[5,694s][info ][gc,heap] GC(128) Humongous regions: 22->22
[5,694s][debug][gc,heap] GC(128) Heap after GC invocations=128 (full 0):
[5,694s][debug][gc,heap] GC(128)  garbage-first heap   total 32768K, used 25907K [0x00000000fe000000, 0x0000000100000000)
[5,694s][debug][gc,heap] GC(128)   region size 1024K, 0 young (0K), 0 survivors (0K)
[5,694s][debug][gc,heap] GC(128)  Metaspace       used 5962K, committed 6144K, reserved 1114112K
[5,694s][debug][gc,heap] GC(128)   class space    used 684K, committed 768K, reserved 1048576K
[5,694s][debug][gc,heap] GC(129) Heap before GC invocations=128 (full 0):
[5,694s][debug][gc,heap] GC(129)  garbage-first heap   total 32768K, used 27955K [0x00000000fe000000, 0x0000000100000000)
[5,694s][debug][gc,heap] GC(129)   region size 1024K, 4 young (4096K), 0 survivors (0K)
[5,694s][debug][gc,heap] GC(129)  Metaspace       used 5962K, committed 6144K, reserved 1114112K
[5,694s][debug][gc,heap] GC(129)   class space    used 684K, committed 768K, reserved 1048576K
[5,694s][info ][gc,heap] GC(129) Eden regions: 4->0(19)
[5,694s][info ][gc,heap] GC(129) Survivor regions: 0->0(1)
[5,694s][info ][gc,heap] GC(129) Old regions: 3->3
[5,694s][info ][gc,heap] GC(129) Archive regions: 2->2
[5,694s][info ][gc,heap] GC(129) Humongous regions: 22->22
[5,694s][debug][gc,heap] GC(129) Heap after GC invocations=129 (full 0):
[5,694s][debug][gc,heap] GC(129)  garbage-first heap   total 32768K, used 25907K [0x00000000fe000000, 0x0000000100000000)
[5,694s][debug][gc,heap] GC(129)   region size 1024K, 0 young (0K), 0 survivors (0K)
[5,694s][debug][gc,heap] GC(129)  Metaspace       used 5962K, committed 6144K, reserved 1114112K
[5,694s][debug][gc,heap] GC(129)   class space    used 684K, committed 768K, reserved 1048576K
[5,694s][debug][gc,heap] GC(130) Heap before GC invocations=129 (full 0):
[5,694s][debug][gc,heap] GC(130)  garbage-first heap   total 32768K, used 27955K [0x00000000fe000000, 0x0000000100000000)
[5,694s][debug][gc,heap] GC(130)   region size 1024K, 4 young (4096K), 0 survivors (0K)
[5,694s][debug][gc,heap] GC(130)  Metaspace       used 5962K, committed 6144K, reserved 1114112K
[5,694s][debug][gc,heap] GC(130)   class space    used 684K, committed 768K, reserved 1048576K
[5,695s][info ][gc,heap] GC(130) Eden regions: 4->0(19)
[5,695s][info ][gc,heap] GC(130) Survivor regions: 0->0(1)
[5,695s][info ][gc,heap] GC(130) Old regions: 3->3
[5,695s][info ][gc,heap] GC(130) Archive regions: 2->2
[5,695s][info ][gc,heap] GC(130) Humongous regions: 22->22
[5,695s][debug][gc,heap] GC(130) Heap after GC invocations=130 (full 0):
[5,695s][debug][gc,heap] GC(130)  garbage-first heap   total 32768K, used 25907K [0x00000000fe000000, 0x0000000100000000)
[5,695s][debug][gc,heap] GC(130)   region size 1024K, 0 young (0K), 0 survivors (0K)
[5,695s][debug][gc,heap] GC(130)  Metaspace       used 5962K, committed 6144K, reserved 1114112K
[5,695s][debug][gc,heap] GC(130)   class space    used 684K, committed 768K, reserved 1048576K
[5,695s][debug][gc,heap] GC(131) Heap before GC invocations=130 (full 0):
[5,695s][debug][gc,heap] GC(131)  garbage-first heap   total 32768K, used 27955K [0x00000000fe000000, 0x0000000100000000)
[5,695s][debug][gc,heap] GC(131)   region size 1024K, 4 young (4096K), 0 survivors (0K)
[5,695s][debug][gc,heap] GC(131)  Metaspace       used 5962K, committed 6144K, reserved 1114112K
[5,695s][debug][gc,heap] GC(131)   class space    used 684K, committed 768K, reserved 1048576K
[5,695s][info ][gc,heap] GC(131) Eden regions: 4->0(19)
[5,695s][info ][gc,heap] GC(131) Survivor regions: 0->0(1)
[5,695s][info ][gc,heap] GC(131) Old regions: 3->3
[5,695s][info ][gc,heap] GC(131) Archive regions: 2->2
[5,695s][info ][gc,heap] GC(131) Humongous regions: 22->22
[5,695s][debug][gc,heap] GC(131) Heap after GC invocations=131 (full 0):
[5,695s][debug][gc,heap] GC(131)  garbage-first heap   total 32768K, used 25907K [0x00000000fe000000, 0x0000000100000000)
[5,695s][debug][gc,heap] GC(131)   region size 1024K, 0 young (0K), 0 survivors (0K)
[5,695s][debug][gc,heap] GC(131)  Metaspace       used 5962K, committed 6144K, reserved 1114112K
[5,695s][debug][gc,heap] GC(131)   class space    used 684K, committed 768K, reserved 1048576K
[6,195s][debug][gc,heap] GC(132) Heap before GC invocations=132 (full 0):
[6,195s][debug][gc,heap] GC(132)  garbage-first heap   total 32768K, used 30003K [0x00000000fe000000, 0x0000000100000000)
[6,195s][debug][gc,heap] GC(132)   region size 1024K, 3 young (3072K), 0 survivors (0K)
[6,195s][debug][gc,heap] GC(132)  Metaspace       used 5962K, committed 6144K, reserved 1114112K
[6,195s][debug][gc,heap] GC(132)   class space    used 684K, committed 768K, reserved 1048576K
[6,196s][info ][gc,heap] GC(132) Eden regions: 3->0(17)
[6,196s][info ][gc,heap] GC(132) Survivor regions: 0->0(0)
[6,196s][info ][gc,heap] GC(132) Old regions: 3->3
[6,196s][info ][gc,heap] GC(132) Archive regions: 2->2
[6,196s][info ][gc,heap] GC(132) Humongous regions: 24->24
[6,196s][debug][gc,heap] GC(132) Heap after GC invocations=133 (full 0):
[6,196s][debug][gc,heap] GC(132)  garbage-first heap   total 32768K, used 27955K [0x00000000fe000000, 0x0000000100000000)
[6,196s][debug][gc,heap] GC(132)   region size 1024K, 0 young (0K), 0 survivors (0K)
[6,196s][debug][gc,heap] GC(132)  Metaspace       used 5962K, committed 6144K, reserved 1114112K
[6,196s][debug][gc,heap] GC(132)   class space    used 684K, committed 768K, reserved 1048576K
[6,196s][debug][gc,heap] GC(133) Heap before GC invocations=133 (full 0):
[6,196s][debug][gc,heap] GC(133)  garbage-first heap   total 32768K, used 30003K [0x00000000fe000000, 0x0000000100000000)
[6,196s][debug][gc,heap] GC(133)   region size 1024K, 3 young (3072K), 0 survivors (0K)
[6,196s][debug][gc,heap] GC(133)  Metaspace       used 5962K, committed 6144K, reserved 1114112K
[6,196s][debug][gc,heap] GC(133)   class space    used 684K, committed 768K, reserved 1048576K
[6,197s][info ][gc,heap] GC(133) Eden regions: 3->0(17)
[6,197s][info ][gc,heap] GC(133) Survivor regions: 0->0(0)
[6,197s][info ][gc,heap] GC(133) Old regions: 3->3
[6,197s][info ][gc,heap] GC(133) Archive regions: 2->2
[6,197s][info ][gc,heap] GC(133) Humongous regions: 24->24
[6,197s][debug][gc,heap] GC(133) Heap after GC invocations=134 (full 0):
[6,197s][debug][gc,heap] GC(133)  garbage-first heap   total 32768K, used 27955K [0x00000000fe000000, 0x0000000100000000)
[6,197s][debug][gc,heap] GC(133)   region size 1024K, 0 young (0K), 0 survivors (0K)
[6,197s][debug][gc,heap] GC(133)  Metaspace       used 5962K, committed 6144K, reserved 1114112K
[6,197s][debug][gc,heap] GC(133)   class space    used 684K, committed 768K, reserved 1048576K
[6,197s][debug][gc,heap] GC(135) Heap before GC invocations=134 (full 0):
[6,197s][debug][gc,heap] GC(135)  garbage-first heap   total 32768K, used 30003K [0x00000000fe000000, 0x0000000100000000)
[6,197s][debug][gc,heap] GC(135)   region size 1024K, 3 young (3072K), 0 survivors (0K)
[6,197s][debug][gc,heap] GC(135)  Metaspace       used 5962K, committed 6144K, reserved 1114112K
[6,197s][debug][gc,heap] GC(135)   class space    used 684K, committed 768K, reserved 1048576K
[6,197s][info ][gc,heap] GC(135) Eden regions: 3->0(17)
[6,197s][info ][gc,heap] GC(135) Survivor regions: 0->0(0)
[6,197s][info ][gc,heap] GC(135) Old regions: 3->3
[6,197s][info ][gc,heap] GC(135) Archive regions: 2->2
[6,197s][info ][gc,heap] GC(135) Humongous regions: 24->24
[6,197s][debug][gc,heap] GC(135) Heap after GC invocations=135 (full 0):
[6,197s][debug][gc,heap] GC(135)  garbage-first heap   total 32768K, used 27955K [0x00000000fe000000, 0x0000000100000000)
[6,197s][debug][gc,heap] GC(135)   region size 1024K, 0 young (0K), 0 survivors (0K)
[6,197s][debug][gc,heap] GC(135)  Metaspace       used 5962K, committed 6144K, reserved 1114112K
[6,197s][debug][gc,heap] GC(135)   class space    used 684K, committed 768K, reserved 1048576K
[6,197s][debug][gc,heap] GC(136) Heap before GC invocations=135 (full 0):
[6,197s][debug][gc,heap] GC(136)  garbage-first heap   total 32768K, used 30003K [0x00000000fe000000, 0x0000000100000000)
[6,197s][debug][gc,heap] GC(136)   region size 1024K, 3 young (3072K), 0 survivors (0K)
[6,197s][debug][gc,heap] GC(136)  Metaspace       used 5962K, committed 6144K, reserved 1114112K
[6,197s][debug][gc,heap] GC(136)   class space    used 684K, committed 768K, reserved 1048576K
[6,197s][info ][gc,heap] GC(136) Eden regions: 3->0(17)
[6,197s][info ][gc,heap] GC(136) Survivor regions: 0->0(0)
[6,197s][info ][gc,heap] GC(136) Old regions: 3->3
[6,197s][info ][gc,heap] GC(136) Archive regions: 2->2
[6,197s][info ][gc,heap] GC(136) Humongous regions: 24->24
[6,197s][debug][gc,heap] GC(136) Heap after GC invocations=136 (full 0):
[6,197s][debug][gc,heap] GC(136)  garbage-first heap   total 32768K, used 27955K [0x00000000fe000000, 0x0000000100000000)
[6,197s][debug][gc,heap] GC(136)   region size 1024K, 0 young (0K), 0 survivors (0K)
[6,197s][debug][gc,heap] GC(136)  Metaspace       used 5962K, committed 6144K, reserved 1114112K
[6,197s][debug][gc,heap] GC(136)   class space    used 684K, committed 768K, reserved 1048576K
[6,198s][debug][gc,heap] GC(137) Heap before GC invocations=136 (full 0):
[6,198s][debug][gc,heap] GC(137)  garbage-first heap   total 32768K, used 30003K [0x00000000fe000000, 0x0000000100000000)
[6,198s][debug][gc,heap] GC(137)   region size 1024K, 3 young (3072K), 0 survivors (0K)
[6,198s][debug][gc,heap] GC(137)  Metaspace       used 5962K, committed 6144K, reserved 1114112K
[6,198s][debug][gc,heap] GC(137)   class space    used 684K, committed 768K, reserved 1048576K
[6,198s][info ][gc,heap] GC(137) Eden regions: 3->0(18)
[6,198s][info ][gc,heap] GC(137) Survivor regions: 0->0(0)
[6,198s][info ][gc,heap] GC(137) Old regions: 3->3
[6,198s][info ][gc,heap] GC(137) Archive regions: 2->2
[6,198s][info ][gc,heap] GC(137) Humongous regions: 24->24
[6,198s][debug][gc,heap] GC(137) Heap after GC invocations=137 (full 0):
[6,198s][debug][gc,heap] GC(137)  garbage-first heap   total 32768K, used 27955K [0x00000000fe000000, 0x0000000100000000)
[6,198s][debug][gc,heap] GC(137)   region size 1024K, 0 young (0K), 0 survivors (0K)
[6,198s][debug][gc,heap] GC(137)  Metaspace       used 5962K, committed 6144K, reserved 1114112K
[6,198s][debug][gc,heap] GC(137)   class space    used 684K, committed 768K, reserved 1048576K
[6,198s][debug][gc,heap] GC(138) Heap before GC invocations=137 (full 0):
[6,198s][debug][gc,heap] GC(138)  garbage-first heap   total 32768K, used 30003K [0x00000000fe000000, 0x0000000100000000)
[6,198s][debug][gc,heap] GC(138)   region size 1024K, 3 young (3072K), 0 survivors (0K)
[6,198s][debug][gc,heap] GC(138)  Metaspace       used 5962K, committed 6144K, reserved 1114112K
[6,198s][debug][gc,heap] GC(138)   class space    used 684K, committed 768K, reserved 1048576K
[6,198s][info ][gc,heap] GC(138) Eden regions: 3->0(19)
[6,198s][info ][gc,heap] GC(138) Survivor regions: 0->0(0)
[6,198s][info ][gc,heap] GC(138) Old regions: 3->3
[6,198s][info ][gc,heap] GC(138) Archive regions: 2->2
[6,198s][info ][gc,heap] GC(138) Humongous regions: 24->24
[6,198s][debug][gc,heap] GC(138) Heap after GC invocations=138 (full 0):
[6,198s][debug][gc,heap] GC(138)  garbage-first heap   total 32768K, used 27955K [0x00000000fe000000, 0x0000000100000000)
[6,198s][debug][gc,heap] GC(138)   region size 1024K, 0 young (0K), 0 survivors (0K)
[6,198s][debug][gc,heap] GC(138)  Metaspace       used 5962K, committed 6144K, reserved 1114112K
[6,198s][debug][gc,heap] GC(138)   class space    used 684K, committed 768K, reserved 1048576K
[6,198s][debug][gc,heap] GC(139) Heap before GC invocations=138 (full 0):
[6,198s][debug][gc,heap] GC(139)  garbage-first heap   total 32768K, used 30003K [0x00000000fe000000, 0x0000000100000000)
[6,198s][debug][gc,heap] GC(139)   region size 1024K, 3 young (3072K), 0 survivors (0K)
[6,198s][debug][gc,heap] GC(139)  Metaspace       used 5962K, committed 6144K, reserved 1114112K
[6,198s][debug][gc,heap] GC(139)   class space    used 684K, committed 768K, reserved 1048576K
[6,198s][info ][gc,heap] GC(139) Eden regions: 3->0(19)
[6,198s][info ][gc,heap] GC(139) Survivor regions: 0->0(0)
[6,198s][info ][gc,heap] GC(139) Old regions: 3->3
[6,198s][info ][gc,heap] GC(139) Archive regions: 2->2
[6,198s][info ][gc,heap] GC(139) Humongous regions: 24->24
[6,198s][debug][gc,heap] GC(139) Heap after GC invocations=139 (full 0):
[6,198s][debug][gc,heap] GC(139)  garbage-first heap   total 32768K, used 27955K [0x00000000fe000000, 0x0000000100000000)
[6,198s][debug][gc,heap] GC(139)   region size 1024K, 0 young (0K), 0 survivors (0K)
[6,198s][debug][gc,heap] GC(139)  Metaspace       used 5962K, committed 6144K, reserved 1114112K
[6,198s][debug][gc,heap] GC(139)   class space    used 684K, committed 768K, reserved 1048576K
[6,198s][debug][gc,heap] GC(140) Heap before GC invocations=139 (full 0):
[6,198s][debug][gc,heap] GC(140)  garbage-first heap   total 32768K, used 30003K [0x00000000fe000000, 0x0000000100000000)
[6,198s][debug][gc,heap] GC(140)   region size 1024K, 3 young (3072K), 0 survivors (0K)
[6,198s][debug][gc,heap] GC(140)  Metaspace       used 5962K, committed 6144K, reserved 1114112K
[6,198s][debug][gc,heap] GC(140)   class space    used 684K, committed 768K, reserved 1048576K
[6,198s][info ][gc,heap] GC(140) Eden regions: 3->0(20)
[6,198s][info ][gc,heap] GC(140) Survivor regions: 0->0(0)
[6,198s][info ][gc,heap] GC(140) Old regions: 3->3
[6,198s][info ][gc,heap] GC(140) Archive regions: 2->2
[6,198s][info ][gc,heap] GC(140) Humongous regions: 24->24
[6,198s][debug][gc,heap] GC(140) Heap after GC invocations=140 (full 0):
[6,198s][debug][gc,heap] GC(140)  garbage-first heap   total 32768K, used 27955K [0x00000000fe000000, 0x0000000100000000)
[6,198s][debug][gc,heap] GC(140)   region size 1024K, 0 young (0K), 0 survivors (0K)
[6,198s][debug][gc,heap] GC(140)  Metaspace       used 5962K, committed 6144K, reserved 1114112K
[6,198s][debug][gc,heap] GC(140)   class space    used 684K, committed 768K, reserved 1048576K
[6,199s][debug][gc,heap] GC(141) Heap before GC invocations=140 (full 0):
[6,199s][debug][gc,heap] GC(141)  garbage-first heap   total 32768K, used 30003K [0x00000000fe000000, 0x0000000100000000)
[6,199s][debug][gc,heap] GC(141)   region size 1024K, 3 young (3072K), 0 survivors (0K)
[6,199s][debug][gc,heap] GC(141)  Metaspace       used 5962K, committed 6144K, reserved 1114112K
[6,199s][debug][gc,heap] GC(141)   class space    used 684K, committed 768K, reserved 1048576K
[6,199s][info ][gc,heap] GC(141) Eden regions: 3->0(20)
[6,199s][info ][gc,heap] GC(141) Survivor regions: 0->0(0)
[6,199s][info ][gc,heap] GC(141) Old regions: 3->3
[6,199s][info ][gc,heap] GC(141) Archive regions: 2->2
[6,199s][info ][gc,heap] GC(141) Humongous regions: 24->24
[6,199s][debug][gc,heap] GC(141) Heap after GC invocations=141 (full 0):
[6,199s][debug][gc,heap] GC(141)  garbage-first heap   total 32768K, used 27955K [0x00000000fe000000, 0x0000000100000000)
[6,199s][debug][gc,heap] GC(141)   region size 1024K, 0 young (0K), 0 survivors (0K)
[6,199s][debug][gc,heap] GC(141)  Metaspace       used 5962K, committed 6144K, reserved 1114112K
[6,199s][debug][gc,heap] GC(141)   class space    used 684K, committed 768K, reserved 1048576K
[6,199s][debug][gc,heap] GC(142) Heap before GC invocations=141 (full 0):
[6,199s][debug][gc,heap] GC(142)  garbage-first heap   total 32768K, used 30003K [0x00000000fe000000, 0x0000000100000000)
[6,199s][debug][gc,heap] GC(142)   region size 1024K, 3 young (3072K), 0 survivors (0K)
[6,199s][debug][gc,heap] GC(142)  Metaspace       used 5962K, committed 6144K, reserved 1114112K
[6,199s][debug][gc,heap] GC(142)   class space    used 684K, committed 768K, reserved 1048576K
[6,199s][info ][gc,heap] GC(142) Eden regions: 3->0(19)
[6,199s][info ][gc,heap] GC(142) Survivor regions: 0->0(0)
[6,199s][info ][gc,heap] GC(142) Old regions: 3->3
[6,199s][info ][gc,heap] GC(142) Archive regions: 2->2
[6,199s][info ][gc,heap] GC(142) Humongous regions: 24->24
[6,199s][debug][gc,heap] GC(142) Heap after GC invocations=142 (full 0):
[6,199s][debug][gc,heap] GC(142)  garbage-first heap   total 32768K, used 27955K [0x00000000fe000000, 0x0000000100000000)
[6,199s][debug][gc,heap] GC(142)   region size 1024K, 0 young (0K), 0 survivors (0K)
[6,199s][debug][gc,heap] GC(142)  Metaspace       used 5962K, committed 6144K, reserved 1114112K
[6,199s][debug][gc,heap] GC(142)   class space    used 684K, committed 768K, reserved 1048576K
[6,199s][debug][gc,heap] GC(143) Heap before GC invocations=142 (full 0):
[6,199s][debug][gc,heap] GC(143)  garbage-first heap   total 32768K, used 30003K [0x00000000fe000000, 0x0000000100000000)
[6,199s][debug][gc,heap] GC(143)   region size 1024K, 3 young (3072K), 0 survivors (0K)
[6,199s][debug][gc,heap] GC(143)  Metaspace       used 5962K, committed 6144K, reserved 1114112K
[6,199s][debug][gc,heap] GC(143)   class space    used 684K, committed 768K, reserved 1048576K
[6,199s][info ][gc,heap] GC(143) Eden regions: 3->0(19)
[6,199s][info ][gc,heap] GC(143) Survivor regions: 0->0(0)
[6,199s][info ][gc,heap] GC(143) Old regions: 3->3
[6,199s][info ][gc,heap] GC(143) Archive regions: 2->2
[6,199s][info ][gc,heap] GC(143) Humongous regions: 24->24
[6,199s][debug][gc,heap] GC(143) Heap after GC invocations=143 (full 0):
[6,199s][debug][gc,heap] GC(143)  garbage-first heap   total 32768K, used 27955K [0x00000000fe000000, 0x0000000100000000)
[6,199s][debug][gc,heap] GC(143)   region size 1024K, 0 young (0K), 0 survivors (0K)
[6,199s][debug][gc,heap] GC(143)  Metaspace       used 5962K, committed 6144K, reserved 1114112K
[6,199s][debug][gc,heap] GC(143)   class space    used 684K, committed 768K, reserved 1048576K
[6,199s][debug][gc,heap] GC(144) Heap before GC invocations=143 (full 0):
[6,199s][debug][gc,heap] GC(144)  garbage-first heap   total 32768K, used 30003K [0x00000000fe000000, 0x0000000100000000)
[6,199s][debug][gc,heap] GC(144)   region size 1024K, 3 young (3072K), 0 survivors (0K)
[6,199s][debug][gc,heap] GC(144)  Metaspace       used 5962K, committed 6144K, reserved 1114112K
[6,199s][debug][gc,heap] GC(144)   class space    used 684K, committed 768K, reserved 1048576K
[6,200s][info ][gc,heap] GC(144) Eden regions: 3->0(19)
[6,200s][info ][gc,heap] GC(144) Survivor regions: 0->0(0)
[6,200s][info ][gc,heap] GC(144) Old regions: 3->3
[6,200s][info ][gc,heap] GC(144) Archive regions: 2->2
[6,200s][info ][gc,heap] GC(144) Humongous regions: 24->24
[6,200s][debug][gc,heap] GC(144) Heap after GC invocations=144 (full 0):
[6,200s][debug][gc,heap] GC(144)  garbage-first heap   total 32768K, used 27955K [0x00000000fe000000, 0x0000000100000000)
[6,200s][debug][gc,heap] GC(144)   region size 1024K, 0 young (0K), 0 survivors (0K)
[6,200s][debug][gc,heap] GC(144)  Metaspace       used 5962K, committed 6144K, reserved 1114112K
[6,200s][debug][gc,heap] GC(144)   class space    used 684K, committed 768K, reserved 1048576K
[6,200s][debug][gc,heap] GC(145) Heap before GC invocations=144 (full 0):
[6,200s][debug][gc,heap] GC(145)  garbage-first heap   total 32768K, used 30003K [0x00000000fe000000, 0x0000000100000000)
[6,200s][debug][gc,heap] GC(145)   region size 1024K, 3 young (3072K), 0 survivors (0K)
[6,200s][debug][gc,heap] GC(145)  Metaspace       used 5962K, committed 6144K, reserved 1114112K
[6,200s][debug][gc,heap] GC(145)   class space    used 684K, committed 768K, reserved 1048576K
[6,200s][info ][gc,heap] GC(145) Eden regions: 3->0(18)
[6,200s][info ][gc,heap] GC(145) Survivor regions: 0->0(0)
[6,200s][info ][gc,heap] GC(145) Old regions: 3->3
[6,200s][info ][gc,heap] GC(145) Archive regions: 2->2
[6,200s][info ][gc,heap] GC(145) Humongous regions: 24->24
[6,200s][debug][gc,heap] GC(145) Heap after GC invocations=145 (full 0):
[6,200s][debug][gc,heap] GC(145)  garbage-first heap   total 32768K, used 27955K [0x00000000fe000000, 0x0000000100000000)
[6,200s][debug][gc,heap] GC(145)   region size 1024K, 0 young (0K), 0 survivors (0K)
[6,200s][debug][gc,heap] GC(145)  Metaspace       used 5962K, committed 6144K, reserved 1114112K
[6,200s][debug][gc,heap] GC(145)   class space    used 684K, committed 768K, reserved 1048576K
[6,200s][debug][gc,heap] GC(146) Heap before GC invocations=145 (full 0):
[6,200s][debug][gc,heap] GC(146)  garbage-first heap   total 32768K, used 30003K [0x00000000fe000000, 0x0000000100000000)
[6,200s][debug][gc,heap] GC(146)   region size 1024K, 3 young (3072K), 0 survivors (0K)
[6,200s][debug][gc,heap] GC(146)  Metaspace       used 5962K, committed 6144K, reserved 1114112K
[6,200s][debug][gc,heap] GC(146)   class space    used 684K, committed 768K, reserved 1048576K
[6,200s][info ][gc,heap] GC(146) Eden regions: 3->0(18)
[6,200s][info ][gc,heap] GC(146) Survivor regions: 0->0(0)
[6,200s][info ][gc,heap] GC(146) Old regions: 3->3
[6,200s][info ][gc,heap] GC(146) Archive regions: 2->2
[6,200s][info ][gc,heap] GC(146) Humongous regions: 24->24
[6,200s][debug][gc,heap] GC(146) Heap after GC invocations=146 (full 0):
[6,200s][debug][gc,heap] GC(146)  garbage-first heap   total 32768K, used 27955K [0x00000000fe000000, 0x0000000100000000)
[6,200s][debug][gc,heap] GC(146)   region size 1024K, 0 young (0K), 0 survivors (0K)
[6,200s][debug][gc,heap] GC(146)  Metaspace       used 5962K, committed 6144K, reserved 1114112K
[6,200s][debug][gc,heap] GC(146)   class space    used 684K, committed 768K, reserved 1048576K
[6,200s][debug][gc,heap] GC(147) Heap before GC invocations=146 (full 0):
[6,200s][debug][gc,heap] GC(147)  garbage-first heap   total 32768K, used 30003K [0x00000000fe000000, 0x0000000100000000)
[6,200s][debug][gc,heap] GC(147)   region size 1024K, 3 young (3072K), 0 survivors (0K)
[6,200s][debug][gc,heap] GC(147)  Metaspace       used 5962K, committed 6144K, reserved 1114112K
[6,200s][debug][gc,heap] GC(147)   class space    used 684K, committed 768K, reserved 1048576K
[6,200s][info ][gc,heap] GC(147) Eden regions: 3->0(18)
[6,200s][info ][gc,heap] GC(147) Survivor regions: 0->0(0)
[6,200s][info ][gc,heap] GC(147) Old regions: 3->3
[6,200s][info ][gc,heap] GC(147) Archive regions: 2->2
[6,200s][info ][gc,heap] GC(147) Humongous regions: 24->24
[6,200s][debug][gc,heap] GC(147) Heap after GC invocations=147 (full 0):
[6,200s][debug][gc,heap] GC(147)  garbage-first heap   total 32768K, used 27955K [0x00000000fe000000, 0x0000000100000000)
[6,200s][debug][gc,heap] GC(147)   region size 1024K, 0 young (0K), 0 survivors (0K)
[6,200s][debug][gc,heap] GC(147)  Metaspace       used 5962K, committed 6144K, reserved 1114112K
[6,200s][debug][gc,heap] GC(147)   class space    used 684K, committed 768K, reserved 1048576K
[6,201s][debug][gc,heap] GC(148) Heap before GC invocations=147 (full 0):
[6,201s][debug][gc,heap] GC(148)  garbage-first heap   total 32768K, used 30003K [0x00000000fe000000, 0x0000000100000000)
[6,201s][debug][gc,heap] GC(148)   region size 1024K, 3 young (3072K), 0 survivors (0K)
[6,201s][debug][gc,heap] GC(148)  Metaspace       used 5962K, committed 6144K, reserved 1114112K
[6,201s][debug][gc,heap] GC(148)   class space    used 684K, committed 768K, reserved 1048576K
[6,201s][info ][gc,heap] GC(148) Eden regions: 3->0(17)
[6,201s][info ][gc,heap] GC(148) Survivor regions: 0->0(0)
[6,201s][info ][gc,heap] GC(148) Old regions: 3->3
[6,201s][info ][gc,heap] GC(148) Archive regions: 2->2
[6,201s][info ][gc,heap] GC(148) Humongous regions: 24->24
[6,201s][debug][gc,heap] GC(148) Heap after GC invocations=148 (full 0):
[6,201s][debug][gc,heap] GC(148)  garbage-first heap   total 32768K, used 27955K [0x00000000fe000000, 0x0000000100000000)
[6,201s][debug][gc,heap] GC(148)   region size 1024K, 0 young (0K), 0 survivors (0K)
[6,201s][debug][gc,heap] GC(148)  Metaspace       used 5962K, committed 6144K, reserved 1114112K
[6,201s][debug][gc,heap] GC(148)   class space    used 684K, committed 768K, reserved 1048576K
[6,201s][debug][gc,heap] GC(149) Heap before GC invocations=148 (full 0):
[6,201s][debug][gc,heap] GC(149)  garbage-first heap   total 32768K, used 30003K [0x00000000fe000000, 0x0000000100000000)
[6,201s][debug][gc,heap] GC(149)   region size 1024K, 3 young (3072K), 0 survivors (0K)
[6,201s][debug][gc,heap] GC(149)  Metaspace       used 5962K, committed 6144K, reserved 1114112K
[6,201s][debug][gc,heap] GC(149)   class space    used 684K, committed 768K, reserved 1048576K
[6,201s][info ][gc,heap] GC(149) Eden regions: 3->0(17)
[6,201s][info ][gc,heap] GC(149) Survivor regions: 0->0(0)
[6,201s][info ][gc,heap] GC(149) Old regions: 3->3
[6,201s][info ][gc,heap] GC(149) Archive regions: 2->2
[6,201s][info ][gc,heap] GC(149) Humongous regions: 24->24
[6,201s][debug][gc,heap] GC(149) Heap after GC invocations=149 (full 0):
[6,201s][debug][gc,heap] GC(149)  garbage-first heap   total 32768K, used 27955K [0x00000000fe000000, 0x0000000100000000)
[6,201s][debug][gc,heap] GC(149)   region size 1024K, 0 young (0K), 0 survivors (0K)
[6,201s][debug][gc,heap] GC(149)  Metaspace       used 5962K, committed 6144K, reserved 1114112K
[6,201s][debug][gc,heap] GC(149)   class space    used 684K, committed 768K, reserved 1048576K
[6,202s][debug][gc,heap] GC(150) Heap before GC invocations=149 (full 0):
[6,202s][debug][gc,heap] GC(150)  garbage-first heap   total 32768K, used 30003K [0x00000000fe000000, 0x0000000100000000)
[6,202s][debug][gc,heap] GC(150)   region size 1024K, 3 young (3072K), 0 survivors (0K)
[6,202s][debug][gc,heap] GC(150)  Metaspace       used 5962K, committed 6144K, reserved 1114112K
[6,202s][debug][gc,heap] GC(150)   class space    used 684K, committed 768K, reserved 1048576K
[6,203s][info ][gc,heap] GC(150) Eden regions: 3->0(15)
[6,203s][info ][gc,heap] GC(150) Survivor regions: 0->0(0)
[6,203s][info ][gc,heap] GC(150) Old regions: 3->3
[6,203s][info ][gc,heap] GC(150) Archive regions: 2->2
[6,203s][info ][gc,heap] GC(150) Humongous regions: 24->24
[6,203s][debug][gc,heap] GC(150) Heap after GC invocations=150 (full 0):
[6,203s][debug][gc,heap] GC(150)  garbage-first heap   total 32768K, used 27955K [0x00000000fe000000, 0x0000000100000000)
[6,203s][debug][gc,heap] GC(150)   region size 1024K, 0 young (0K), 0 survivors (0K)
[6,203s][debug][gc,heap] GC(150)  Metaspace       used 5962K, committed 6144K, reserved 1114112K
[6,203s][debug][gc,heap] GC(150)   class space    used 684K, committed 768K, reserved 1048576K
[6,203s][debug][gc,heap] GC(151) Heap before GC invocations=150 (full 0):
[6,203s][debug][gc,heap] GC(151)  garbage-first heap   total 32768K, used 30003K [0x00000000fe000000, 0x0000000100000000)
[6,203s][debug][gc,heap] GC(151)   region size 1024K, 3 young (3072K), 0 survivors (0K)
[6,203s][debug][gc,heap] GC(151)  Metaspace       used 5962K, committed 6144K, reserved 1114112K
[6,203s][debug][gc,heap] GC(151)   class space    used 684K, committed 768K, reserved 1048576K
[6,203s][info ][gc,heap] GC(151) Eden regions: 3->0(15)
[6,203s][info ][gc,heap] GC(151) Survivor regions: 0->0(0)
[6,203s][info ][gc,heap] GC(151) Old regions: 3->3
[6,203s][info ][gc,heap] GC(151) Archive regions: 2->2
[6,203s][info ][gc,heap] GC(151) Humongous regions: 24->24
[6,203s][debug][gc,heap] GC(151) Heap after GC invocations=151 (full 0):
[6,203s][debug][gc,heap] GC(151)  garbage-first heap   total 32768K, used 27955K [0x00000000fe000000, 0x0000000100000000)
[6,203s][debug][gc,heap] GC(151)   region size 1024K, 0 young (0K), 0 survivors (0K)
[6,203s][debug][gc,heap] GC(151)  Metaspace       used 5962K, committed 6144K, reserved 1114112K
[6,203s][debug][gc,heap] GC(151)   class space    used 684K, committed 768K, reserved 1048576K
[6,203s][debug][gc,heap] GC(152) Heap before GC invocations=151 (full 0):
[6,203s][debug][gc,heap] GC(152)  garbage-first heap   total 32768K, used 30003K [0x00000000fe000000, 0x0000000100000000)
[6,203s][debug][gc,heap] GC(152)   region size 1024K, 3 young (3072K), 0 survivors (0K)
[6,203s][debug][gc,heap] GC(152)  Metaspace       used 5962K, committed 6144K, reserved 1114112K
[6,203s][debug][gc,heap] GC(152)   class space    used 684K, committed 768K, reserved 1048576K
[6,203s][info ][gc,heap] GC(152) Eden regions: 3->0(17)
[6,203s][info ][gc,heap] GC(152) Survivor regions: 0->0(0)
[6,203s][info ][gc,heap] GC(152) Old regions: 3->3
[6,203s][info ][gc,heap] GC(152) Archive regions: 2->2
[6,203s][info ][gc,heap] GC(152) Humongous regions: 24->24
[6,203s][debug][gc,heap] GC(152) Heap after GC invocations=152 (full 0):
[6,203s][debug][gc,heap] GC(152)  garbage-first heap   total 32768K, used 27955K [0x00000000fe000000, 0x0000000100000000)
[6,203s][debug][gc,heap] GC(152)   region size 1024K, 0 young (0K), 0 survivors (0K)
[6,203s][debug][gc,heap] GC(152)  Metaspace       used 5962K, committed 6144K, reserved 1114112K
[6,203s][debug][gc,heap] GC(152)   class space    used 684K, committed 768K, reserved 1048576K
[6,205s][debug][gc,heap] GC(153) Heap before GC invocations=152 (full 0):
[6,205s][debug][gc,heap] GC(153)  garbage-first heap   total 32768K, used 30003K [0x00000000fe000000, 0x0000000100000000)
[6,205s][debug][gc,heap] GC(153)   region size 1024K, 3 young (3072K), 0 survivors (0K)
[6,205s][debug][gc,heap] GC(153)  Metaspace       used 5858K, committed 6144K, reserved 1114112K
[6,205s][debug][gc,heap] GC(153)   class space    used 660K, committed 768K, reserved 1048576K
[6,205s][info ][gc,heap] GC(153) Eden regions: 3->0(14)
[6,205s][info ][gc,heap] GC(153) Survivor regions: 0->0(0)
[6,205s][info ][gc,heap] GC(153) Old regions: 3->3
[6,205s][info ][gc,heap] GC(153) Archive regions: 2->2
[6,205s][info ][gc,heap] GC(153) Humongous regions: 24->24
[6,205s][debug][gc,heap] GC(153) Heap after GC invocations=153 (full 0):
[6,205s][debug][gc,heap] GC(153)  garbage-first heap   total 32768K, used 27955K [0x00000000fe000000, 0x0000000100000000)
[6,205s][debug][gc,heap] GC(153)   region size 1024K, 0 young (0K), 0 survivors (0K)
[6,205s][debug][gc,heap] GC(153)  Metaspace       used 5858K, committed 6144K, reserved 1114112K
[6,205s][debug][gc,heap] GC(153)   class space    used 660K, committed 768K, reserved 1048576K
[6,206s][debug][gc,heap] GC(154) Heap before GC invocations=153 (full 0):
[6,206s][debug][gc,heap] GC(154)  garbage-first heap   total 32768K, used 30003K [0x00000000fe000000, 0x0000000100000000)
[6,206s][debug][gc,heap] GC(154)   region size 1024K, 3 young (3072K), 0 survivors (0K)
[6,206s][debug][gc,heap] GC(154)  Metaspace       used 5858K, committed 6144K, reserved 1114112K
[6,206s][debug][gc,heap] GC(154)   class space    used 660K, committed 768K, reserved 1048576K
[6,206s][info ][gc,heap] GC(154) Eden regions: 3->0(13)
[6,206s][info ][gc,heap] GC(154) Survivor regions: 0->0(0)
[6,206s][info ][gc,heap] GC(154) Old regions: 3->3
[6,206s][info ][gc,heap] GC(154) Archive regions: 2->2
[6,206s][info ][gc,heap] GC(154) Humongous regions: 24->24
[6,206s][debug][gc,heap] GC(154) Heap after GC invocations=154 (full 0):
[6,206s][debug][gc,heap] GC(154)  garbage-first heap   total 32768K, used 27955K [0x00000000fe000000, 0x0000000100000000)
[6,206s][debug][gc,heap] GC(154)   region size 1024K, 0 young (0K), 0 survivors (0K)
[6,206s][debug][gc,heap] GC(154)  Metaspace       used 5858K, committed 6144K, reserved 1114112K
[6,206s][debug][gc,heap] GC(154)   class space    used 660K, committed 768K, reserved 1048576K
[6,206s][debug][gc,heap] GC(155) Heap before GC invocations=154 (full 0):
[6,206s][debug][gc,heap] GC(155)  garbage-first heap   total 32768K, used 30003K [0x00000000fe000000, 0x0000000100000000)
[6,206s][debug][gc,heap] GC(155)   region size 1024K, 3 young (3072K), 0 survivors (0K)
[6,206s][debug][gc,heap] GC(155)  Metaspace       used 5858K, committed 6144K, reserved 1114112K
[6,206s][debug][gc,heap] GC(155)   class space    used 660K, committed 768K, reserved 1048576K
[6,206s][info ][gc,heap] GC(155) Eden regions: 3->0(12)
[6,206s][info ][gc,heap] GC(155) Survivor regions: 0->0(0)
[6,206s][info ][gc,heap] GC(155) Old regions: 3->3
[6,206s][info ][gc,heap] GC(155) Archive regions: 2->2
[6,206s][info ][gc,heap] GC(155) Humongous regions: 24->24
[6,206s][debug][gc,heap] GC(155) Heap after GC invocations=155 (full 0):
[6,206s][debug][gc,heap] GC(155)  garbage-first heap   total 32768K, used 27955K [0x00000000fe000000, 0x0000000100000000)
[6,206s][debug][gc,heap] GC(155)   region size 1024K, 0 young (0K), 0 survivors (0K)
[6,206s][debug][gc,heap] GC(155)  Metaspace       used 5858K, committed 6144K, reserved 1114112K
[6,206s][debug][gc,heap] GC(155)   class space    used 660K, committed 768K, reserved 1048576K
[6,206s][debug][gc,heap] GC(156) Heap before GC invocations=155 (full 0):
[6,206s][debug][gc,heap] GC(156)  garbage-first heap   total 32768K, used 30003K [0x00000000fe000000, 0x0000000100000000)
[6,206s][debug][gc,heap] GC(156)   region size 1024K, 3 young (3072K), 0 survivors (0K)
[6,206s][debug][gc,heap] GC(156)  Metaspace       used 5858K, committed 6144K, reserved 1114112K
[6,206s][debug][gc,heap] GC(156)   class space    used 660K, committed 768K, reserved 1048576K
[6,206s][info ][gc,heap] GC(156) Eden regions: 3->0(14)
[6,206s][info ][gc,heap] GC(156) Survivor regions: 0->0(0)
[6,206s][info ][gc,heap] GC(156) Old regions: 3->3
[6,206s][info ][gc,heap] GC(156) Archive regions: 2->2
[6,206s][info ][gc,heap] GC(156) Humongous regions: 24->24
[6,206s][debug][gc,heap] GC(156) Heap after GC invocations=156 (full 0):
[6,206s][debug][gc,heap] GC(156)  garbage-first heap   total 32768K, used 27955K [0x00000000fe000000, 0x0000000100000000)
[6,206s][debug][gc,heap] GC(156)   region size 1024K, 0 young (0K), 0 survivors (0K)
[6,206s][debug][gc,heap] GC(156)  Metaspace       used 5858K, committed 6144K, reserved 1114112K
[6,207s][debug][gc,heap] GC(156)   class space    used 660K, committed 768K, reserved 1048576K
[6,207s][debug][gc,heap] GC(157) Heap before GC invocations=157 (full 0):
[6,207s][debug][gc,heap] GC(157)  garbage-first heap   total 32768K, used 30003K [0x00000000fe000000, 0x0000000100000000)
[6,207s][debug][gc,heap] GC(157)   region size 1024K, 3 young (3072K), 0 survivors (0K)
[6,207s][debug][gc,heap] GC(157)  Metaspace       used 5858K, committed 6144K, reserved 1114112K
[6,207s][debug][gc,heap] GC(157)   class space    used 660K, committed 768K, reserved 1048576K
[6,207s][info ][gc,heap] GC(157) Eden regions: 3->0(15)
[6,207s][info ][gc,heap] GC(157) Survivor regions: 0->0(0)
[6,207s][info ][gc,heap] GC(157) Old regions: 3->3
[6,207s][info ][gc,heap] GC(157) Archive regions: 2->2
[6,207s][info ][gc,heap] GC(157) Humongous regions: 24->24
[6,207s][debug][gc,heap] GC(157) Heap after GC invocations=158 (full 0):
[6,207s][debug][gc,heap] GC(157)  garbage-first heap   total 32768K, used 27955K [0x00000000fe000000, 0x0000000100000000)
[6,207s][debug][gc,heap] GC(157)   region size 1024K, 0 young (0K), 0 survivors (0K)
[6,207s][debug][gc,heap] GC(157)  Metaspace       used 5858K, committed 6144K, reserved 1114112K
[6,207s][debug][gc,heap] GC(157)   class space    used 660K, committed 768K, reserved 1048576K
[6,207s][debug][gc,heap] GC(158) Heap before GC invocations=158 (full 0):
[6,207s][debug][gc,heap] GC(158)  garbage-first heap   total 32768K, used 28979K [0x00000000fe000000, 0x0000000100000000)
[6,207s][debug][gc,heap] GC(158)   region size 1024K, 2 young (2048K), 0 survivors (0K)
[6,207s][debug][gc,heap] GC(158)  Metaspace       used 5858K, committed 6144K, reserved 1114112K
[6,207s][debug][gc,heap] GC(158)   class space    used 660K, committed 768K, reserved 1048576K
[6,209s][info ][gc,heap] GC(158) Eden regions: 2->0(15)
[6,209s][info ][gc,heap] GC(158) Survivor regions: 0->0(1)
[6,209s][info ][gc,heap] GC(158) Old regions: 3->3
[6,209s][info ][gc,heap] GC(158) Archive regions: 2->2
[6,209s][info ][gc,heap] GC(158) Humongous regions: 24->24
[6,209s][debug][gc,heap] GC(158) Heap after GC invocations=159 (full 0):
[6,209s][debug][gc,heap] GC(158)  garbage-first heap   total 32768K, used 27804K [0x00000000fe000000, 0x0000000100000000)
[6,209s][debug][gc,heap] GC(158)   region size 1024K, 0 young (0K), 0 survivors (0K)
[6,209s][debug][gc,heap] GC(158)  Metaspace       used 5858K, committed 6144K, reserved 1114112K
[6,209s][debug][gc,heap] GC(158)   class space    used 660K, committed 768K, reserved 1048576K
[6,209s][debug][gc,heap] GC(159) Heap before GC invocations=159 (full 0):
[6,209s][debug][gc,heap] GC(159)  garbage-first heap   total 32768K, used 29852K [0x00000000fe000000, 0x0000000100000000)
[6,209s][debug][gc,heap] GC(159)   region size 1024K, 3 young (3072K), 0 survivors (0K)
[6,209s][debug][gc,heap] GC(159)  Metaspace       used 5858K, committed 6144K, reserved 1114112K
[6,209s][debug][gc,heap] GC(159)   class space    used 660K, committed 768K, reserved 1048576K
[6,209s][info ][gc,heap] GC(159) Eden regions: 3->0(16)
[6,209s][info ][gc,heap] GC(159) Survivor regions: 0->0(0)
[6,209s][info ][gc,heap] GC(159) Old regions: 3->3
[6,209s][info ][gc,heap] GC(159) Archive regions: 2->2
[6,209s][info ][gc,heap] GC(159) Humongous regions: 24->24
[6,209s][debug][gc,heap] GC(159) Heap after GC invocations=160 (full 0):
[6,209s][debug][gc,heap] GC(159)  garbage-first heap   total 32768K, used 27804K [0x00000000fe000000, 0x0000000100000000)
[6,209s][debug][gc,heap] GC(159)   region size 1024K, 0 young (0K), 0 survivors (0K)
[6,209s][debug][gc,heap] GC(159)  Metaspace       used 5858K, committed 6144K, reserved 1114112K
[6,209s][debug][gc,heap] GC(159)   class space    used 660K, committed 768K, reserved 1048576K
[6,209s][debug][gc,heap] GC(161) Heap before GC invocations=160 (full 0):
[6,209s][debug][gc,heap] GC(161)  garbage-first heap   total 32768K, used 29852K [0x00000000fe000000, 0x0000000100000000)
[6,209s][debug][gc,heap] GC(161)   region size 1024K, 3 young (3072K), 0 survivors (0K)
[6,209s][debug][gc,heap] GC(161)  Metaspace       used 5858K, committed 6144K, reserved 1114112K
[6,209s][debug][gc,heap] GC(161)   class space    used 660K, committed 768K, reserved 1048576K
[6,209s][info ][gc,heap] GC(161) Eden regions: 3->0(17)
[6,209s][info ][gc,heap] GC(161) Survivor regions: 0->0(0)
[6,209s][info ][gc,heap] GC(161) Old regions: 3->3
[6,209s][info ][gc,heap] GC(161) Archive regions: 2->2
[6,209s][info ][gc,heap] GC(161) Humongous regions: 24->24
[6,209s][debug][gc,heap] GC(161) Heap after GC invocations=161 (full 0):
[6,209s][debug][gc,heap] GC(161)  garbage-first heap   total 32768K, used 27804K [0x00000000fe000000, 0x0000000100000000)
[6,209s][debug][gc,heap] GC(161)   region size 1024K, 0 young (0K), 0 survivors (0K)
[6,209s][debug][gc,heap] GC(161)  Metaspace       used 5858K, committed 6144K, reserved 1114112K
[6,209s][debug][gc,heap] GC(161)   class space    used 660K, committed 768K, reserved 1048576K
[6,210s][debug][gc,heap] GC(162) Heap before GC invocations=161 (full 0):
[6,210s][debug][gc,heap] GC(162)  garbage-first heap   total 32768K, used 29852K [0x00000000fe000000, 0x0000000100000000)
[6,210s][debug][gc,heap] GC(162)   region size 1024K, 3 young (3072K), 0 survivors (0K)
[6,210s][debug][gc,heap] GC(162)  Metaspace       used 5858K, committed 6144K, reserved 1114112K
[6,210s][debug][gc,heap] GC(162)   class space    used 660K, committed 768K, reserved 1048576K
[6,210s][info ][gc,heap] GC(162) Eden regions: 3->0(16)
[6,210s][info ][gc,heap] GC(162) Survivor regions: 0->0(0)
[6,210s][info ][gc,heap] GC(162) Old regions: 3->3
[6,210s][info ][gc,heap] GC(162) Archive regions: 2->2
[6,210s][info ][gc,heap] GC(162) Humongous regions: 24->24
[6,210s][debug][gc,heap] GC(162) Heap after GC invocations=162 (full 0):
[6,210s][debug][gc,heap] GC(162)  garbage-first heap   total 32768K, used 27804K [0x00000000fe000000, 0x0000000100000000)
[6,210s][debug][gc,heap] GC(162)   region size 1024K, 0 young (0K), 0 survivors (0K)
[6,210s][debug][gc,heap] GC(162)  Metaspace       used 5858K, committed 6144K, reserved 1114112K
[6,210s][debug][gc,heap] GC(162)   class space    used 660K, committed 768K, reserved 1048576K
[6,210s][debug][gc,heap] GC(163) Heap before GC invocations=162 (full 0):
[6,210s][debug][gc,heap] GC(163)  garbage-first heap   total 32768K, used 29852K [0x00000000fe000000, 0x0000000100000000)
[6,210s][debug][gc,heap] GC(163)   region size 1024K, 3 young (3072K), 0 survivors (0K)
[6,210s][debug][gc,heap] GC(163)  Metaspace       used 5858K, committed 6144K, reserved 1114112K
[6,210s][debug][gc,heap] GC(163)   class space    used 660K, committed 768K, reserved 1048576K
[6,210s][info ][gc,heap] GC(163) Eden regions: 3->0(16)
[6,210s][info ][gc,heap] GC(163) Survivor regions: 0->0(0)
[6,210s][info ][gc,heap] GC(163) Old regions: 3->3
[6,210s][info ][gc,heap] GC(163) Archive regions: 2->2
[6,210s][info ][gc,heap] GC(163) Humongous regions: 24->24
[6,210s][debug][gc,heap] GC(163) Heap after GC invocations=163 (full 0):
[6,210s][debug][gc,heap] GC(163)  garbage-first heap   total 32768K, used 27804K [0x00000000fe000000, 0x0000000100000000)
[6,210s][debug][gc,heap] GC(163)   region size 1024K, 0 young (0K), 0 survivors (0K)
[6,210s][debug][gc,heap] GC(163)  Metaspace       used 5858K, committed 6144K, reserved 1114112K
[6,210s][debug][gc,heap] GC(163)   class space    used 660K, committed 768K, reserved 1048576K
[6,210s][debug][gc,heap] GC(164) Heap before GC invocations=163 (full 0):
[6,210s][debug][gc,heap] GC(164)  garbage-first heap   total 32768K, used 29852K [0x00000000fe000000, 0x0000000100000000)
[6,210s][debug][gc,heap] GC(164)   region size 1024K, 3 young (3072K), 0 survivors (0K)
[6,210s][debug][gc,heap] GC(164)  Metaspace       used 5858K, committed 6144K, reserved 1114112K
[6,210s][debug][gc,heap] GC(164)   class space    used 660K, committed 768K, reserved 1048576K
[6,210s][info ][gc,heap] GC(164) Eden regions: 3->0(17)
[6,210s][info ][gc,heap] GC(164) Survivor regions: 0->0(0)
[6,210s][info ][gc,heap] GC(164) Old regions: 3->3
[6,210s][info ][gc,heap] GC(164) Archive regions: 2->2
[6,210s][info ][gc,heap] GC(164) Humongous regions: 24->24
[6,210s][debug][gc,heap] GC(164) Heap after GC invocations=164 (full 0):
[6,210s][debug][gc,heap] GC(164)  garbage-first heap   total 32768K, used 27804K [0x00000000fe000000, 0x0000000100000000)
[6,210s][debug][gc,heap] GC(164)   region size 1024K, 0 young (0K), 0 survivors (0K)
[6,210s][debug][gc,heap] GC(164)  Metaspace       used 5858K, committed 6144K, reserved 1114112K
[6,210s][debug][gc,heap] GC(164)   class space    used 660K, committed 768K, reserved 1048576K
[6,210s][debug][gc,heap] GC(165) Heap before GC invocations=164 (full 0):
[6,210s][debug][gc,heap] GC(165)  garbage-first heap   total 32768K, used 29852K [0x00000000fe000000, 0x0000000100000000)
[6,210s][debug][gc,heap] GC(165)   region size 1024K, 3 young (3072K), 0 survivors (0K)
[6,210s][debug][gc,heap] GC(165)  Metaspace       used 5858K, committed 6144K, reserved 1114112K
[6,210s][debug][gc,heap] GC(165)   class space    used 660K, committed 768K, reserved 1048576K
[6,211s][info ][gc,heap] GC(165) Eden regions: 3->0(18)
[6,211s][info ][gc,heap] GC(165) Survivor regions: 0->0(0)
[6,211s][info ][gc,heap] GC(165) Old regions: 3->3
[6,211s][info ][gc,heap] GC(165) Archive regions: 2->2
[6,211s][info ][gc,heap] GC(165) Humongous regions: 24->24
[6,211s][debug][gc,heap] GC(165) Heap after GC invocations=165 (full 0):
[6,211s][debug][gc,heap] GC(165)  garbage-first heap   total 32768K, used 27804K [0x00000000fe000000, 0x0000000100000000)
[6,211s][debug][gc,heap] GC(165)   region size 1024K, 0 young (0K), 0 survivors (0K)
[6,211s][debug][gc,heap] GC(165)  Metaspace       used 5858K, committed 6144K, reserved 1114112K
[6,211s][debug][gc,heap] GC(165)   class space    used 660K, committed 768K, reserved 1048576K
[6,211s][debug][gc,heap] GC(166) Heap before GC invocations=165 (full 0):
[6,211s][debug][gc,heap] GC(166)  garbage-first heap   total 32768K, used 29852K [0x00000000fe000000, 0x0000000100000000)
[6,211s][debug][gc,heap] GC(166)   region size 1024K, 3 young (3072K), 0 survivors (0K)
[6,211s][debug][gc,heap] GC(166)  Metaspace       used 5858K, committed 6144K, reserved 1114112K
[6,211s][debug][gc,heap] GC(166)   class space    used 660K, committed 768K, reserved 1048576K
[6,211s][info ][gc,heap] GC(166) Eden regions: 3->0(19)
[6,211s][info ][gc,heap] GC(166) Survivor regions: 0->0(0)
[6,211s][info ][gc,heap] GC(166) Old regions: 3->3
[6,211s][info ][gc,heap] GC(166) Archive regions: 2->2
[6,211s][info ][gc,heap] GC(166) Humongous regions: 24->24
[6,211s][debug][gc,heap] GC(166) Heap after GC invocations=166 (full 0):
[6,211s][debug][gc,heap] GC(166)  garbage-first heap   total 32768K, used 27804K [0x00000000fe000000, 0x0000000100000000)
[6,211s][debug][gc,heap] GC(166)   region size 1024K, 0 young (0K), 0 survivors (0K)
[6,211s][debug][gc,heap] GC(166)  Metaspace       used 5858K, committed 6144K, reserved 1114112K
[6,211s][debug][gc,heap] GC(166)   class space    used 660K, committed 768K, reserved 1048576K
[6,211s][debug][gc,heap] GC(167) Heap before GC invocations=166 (full 0):
[6,211s][debug][gc,heap] GC(167)  garbage-first heap   total 32768K, used 29852K [0x00000000fe000000, 0x0000000100000000)
[6,211s][debug][gc,heap] GC(167)   region size 1024K, 3 young (3072K), 0 survivors (0K)
[6,211s][debug][gc,heap] GC(167)  Metaspace       used 5858K, committed 6144K, reserved 1114112K
[6,211s][debug][gc,heap] GC(167)   class space    used 660K, committed 768K, reserved 1048576K
[6,211s][info ][gc,heap] GC(167) Eden regions: 3->0(19)
[6,211s][info ][gc,heap] GC(167) Survivor regions: 0->0(0)
[6,211s][info ][gc,heap] GC(167) Old regions: 3->3
[6,211s][info ][gc,heap] GC(167) Archive regions: 2->2
[6,211s][info ][gc,heap] GC(167) Humongous regions: 24->24
[6,211s][debug][gc,heap] GC(167) Heap after GC invocations=167 (full 0):
[6,211s][debug][gc,heap] GC(167)  garbage-first heap   total 32768K, used 27804K [0x00000000fe000000, 0x0000000100000000)
[6,211s][debug][gc,heap] GC(167)   region size 1024K, 0 young (0K), 0 survivors (0K)
[6,211s][debug][gc,heap] GC(167)  Metaspace       used 5858K, committed 6144K, reserved 1114112K
[6,211s][debug][gc,heap] GC(167)   class space    used 660K, committed 768K, reserved 1048576K
[6,211s][debug][gc,heap] GC(168) Heap before GC invocations=167 (full 0):
[6,211s][debug][gc,heap] GC(168)  garbage-first heap   total 32768K, used 27804K [0x00000000fe000000, 0x0000000100000000)
[6,211s][debug][gc,heap] GC(168)   region size 1024K, 2 young (2048K), 0 survivors (0K)
[6,211s][debug][gc,heap] GC(168)  Metaspace       used 5858K, committed 6144K, reserved 1114112K
[6,211s][debug][gc,heap] GC(168)   class space    used 660K, committed 768K, reserved 1048576K
[6,211s][info ][gc,heap] GC(168) Eden regions: 2->0(18)
[6,211s][info ][gc,heap] GC(168) Survivor regions: 0->0(1)
[6,211s][info ][gc,heap] GC(168) Old regions: 3->3
[6,211s][info ][gc,heap] GC(168) Archive regions: 2->2
[6,211s][info ][gc,heap] GC(168) Humongous regions: 24->24
[6,211s][debug][gc,heap] GC(168) Heap after GC invocations=168 (full 0):
[6,211s][debug][gc,heap] GC(168)  garbage-first heap   total 32768K, used 27804K [0x00000000fe000000, 0x0000000100000000)
[6,211s][debug][gc,heap] GC(168)   region size 1024K, 0 young (0K), 0 survivors (0K)
[6,211s][debug][gc,heap] GC(168)  Metaspace       used 5858K, committed 6144K, reserved 1114112K
[6,211s][debug][gc,heap] GC(168)   class space    used 660K, committed 768K, reserved 1048576K
[6,712s][debug][gc,heap] GC(169) Heap before GC invocations=169 (full 0):
[6,712s][debug][gc,heap] GC(169)  garbage-first heap   total 32768K, used 29852K [0x00000000fe000000, 0x0000000100000000)
[6,712s][debug][gc,heap] GC(169)   region size 1024K, 1 young (1024K), 0 survivors (0K)
[6,712s][debug][gc,heap] GC(169)  Metaspace       used 5861K, committed 6144K, reserved 1114112K
[6,712s][debug][gc,heap] GC(169)   class space    used 660K, committed 768K, reserved 1048576K
[6,712s][info ][gc,heap] GC(169) Eden regions: 1->0(16)
[6,712s][info ][gc,heap] GC(169) Survivor regions: 0->0(0)
[6,712s][info ][gc,heap] GC(169) Old regions: 3->3
[6,712s][info ][gc,heap] GC(169) Archive regions: 2->2
[6,712s][info ][gc,heap] GC(169) Humongous regions: 26->26
[6,712s][debug][gc,heap] GC(169) Heap after GC invocations=170 (full 0):
[6,712s][debug][gc,heap] GC(169)  garbage-first heap   total 32768K, used 29857K [0x00000000fe000000, 0x0000000100000000)
[6,712s][debug][gc,heap] GC(169)   region size 1024K, 0 young (0K), 0 survivors (0K)
[6,712s][debug][gc,heap] GC(169)  Metaspace       used 5861K, committed 6144K, reserved 1114112K
[6,712s][debug][gc,heap] GC(169)   class space    used 660K, committed 768K, reserved 1048576K
[6,712s][debug][gc,heap] GC(170) Heap before GC invocations=170 (full 0):
[6,712s][debug][gc,heap] GC(170)  garbage-first heap   total 32768K, used 29857K [0x00000000fe000000, 0x0000000100000000)
[6,712s][debug][gc,heap] GC(170)   region size 1024K, 1 young (1024K), 0 survivors (0K)
[6,712s][debug][gc,heap] GC(170)  Metaspace       used 5861K, committed 6144K, reserved 1114112K
[6,712s][debug][gc,heap] GC(170)   class space    used 660K, committed 768K, reserved 1048576K
[6,712s][info ][gc,heap] GC(170) Eden regions: 1->0(14)
[6,712s][info ][gc,heap] GC(170) Survivor regions: 0->0(0)
[6,712s][info ][gc,heap] GC(170) Old regions: 3->3
[6,712s][info ][gc,heap] GC(170) Archive regions: 2->2
[6,712s][info ][gc,heap] GC(170) Humongous regions: 26->26
[6,712s][debug][gc,heap] GC(170) Heap after GC invocations=171 (full 0):
[6,712s][debug][gc,heap] GC(170)  garbage-first heap   total 32768K, used 29857K [0x00000000fe000000, 0x0000000100000000)
[6,712s][debug][gc,heap] GC(170)   region size 1024K, 0 young (0K), 0 survivors (0K)
[6,712s][debug][gc,heap] GC(170)  Metaspace       used 5861K, committed 6144K, reserved 1114112K
[6,712s][debug][gc,heap] GC(170)   class space    used 660K, committed 768K, reserved 1048576K
[6,712s][debug][gc,heap] GC(172) Heap before GC invocations=171 (full 0):
[6,712s][debug][gc,heap] GC(172)  garbage-first heap   total 32768K, used 29857K [0x00000000fe000000, 0x0000000100000000)
[6,712s][debug][gc,heap] GC(172)   region size 1024K, 1 young (1024K), 0 survivors (0K)
[6,712s][debug][gc,heap] GC(172)  Metaspace       used 5861K, committed 6144K, reserved 1114112K
[6,712s][debug][gc,heap] GC(172)   class space    used 660K, committed 768K, reserved 1048576K
[6,712s][info ][gc,heap] GC(172) Eden regions: 1->0(13)
[6,712s][info ][gc,heap] GC(172) Survivor regions: 0->0(0)
[6,712s][info ][gc,heap] GC(172) Old regions: 3->3
[6,712s][info ][gc,heap] GC(172) Archive regions: 2->2
[6,712s][info ][gc,heap] GC(172) Humongous regions: 26->26
[6,712s][debug][gc,heap] GC(172) Heap after GC invocations=172 (full 0):
[6,712s][debug][gc,heap] GC(172)  garbage-first heap   total 32768K, used 29857K [0x00000000fe000000, 0x0000000100000000)
[6,712s][debug][gc,heap] GC(172)   region size 1024K, 0 young (0K), 0 survivors (0K)
[6,712s][debug][gc,heap] GC(172)  Metaspace       used 5861K, committed 6144K, reserved 1114112K
[6,712s][debug][gc,heap] GC(172)   class space    used 660K, committed 768K, reserved 1048576K
[6,712s][debug][gc,heap] GC(173) Heap before GC invocations=172 (full 0):
[6,713s][debug][gc,heap] GC(173)  garbage-first heap   total 32768K, used 29857K [0x00000000fe000000, 0x0000000100000000)
[6,713s][debug][gc,heap] GC(173)   region size 1024K, 1 young (1024K), 0 survivors (0K)
[6,713s][debug][gc,heap] GC(173)  Metaspace       used 5861K, committed 6144K, reserved 1114112K
[6,713s][debug][gc,heap] GC(173)   class space    used 660K, committed 768K, reserved 1048576K
[6,713s][info ][gc,heap] GC(173) Eden regions: 1->0(14)
[6,713s][info ][gc,heap] GC(173) Survivor regions: 0->0(0)
[6,713s][info ][gc,heap] GC(173) Old regions: 3->3
[6,713s][info ][gc,heap] GC(173) Archive regions: 2->2
[6,713s][info ][gc,heap] GC(173) Humongous regions: 26->26
[6,713s][debug][gc,heap] GC(173) Heap after GC invocations=173 (full 0):
[6,713s][debug][gc,heap] GC(173)  garbage-first heap   total 32768K, used 29857K [0x00000000fe000000, 0x0000000100000000)
[6,713s][debug][gc,heap] GC(173)   region size 1024K, 0 young (0K), 0 survivors (0K)
[6,713s][debug][gc,heap] GC(173)  Metaspace       used 5861K, committed 6144K, reserved 1114112K
[6,713s][debug][gc,heap] GC(173)   class space    used 660K, committed 768K, reserved 1048576K
[6,713s][debug][gc,heap] GC(174) Heap before GC invocations=173 (full 0):
[6,713s][debug][gc,heap] GC(174)  garbage-first heap   total 32768K, used 29857K [0x00000000fe000000, 0x0000000100000000)
[6,713s][debug][gc,heap] GC(174)   region size 1024K, 1 young (1024K), 0 survivors (0K)
[6,713s][debug][gc,heap] GC(174)  Metaspace       used 5861K, committed 6144K, reserved 1114112K
[6,713s][debug][gc,heap] GC(174)   class space    used 660K, committed 768K, reserved 1048576K
[6,713s][info ][gc,heap] GC(174) Eden regions: 1->0(13)
[6,713s][info ][gc,heap] GC(174) Survivor regions: 0->0(0)
[6,713s][info ][gc,heap] GC(174) Old regions: 3->3
[6,713s][info ][gc,heap] GC(174) Archive regions: 2->2
[6,713s][info ][gc,heap] GC(174) Humongous regions: 26->26
[6,713s][debug][gc,heap] GC(174) Heap after GC invocations=174 (full 0):
[6,713s][debug][gc,heap] GC(174)  garbage-first heap   total 32768K, used 29857K [0x00000000fe000000, 0x0000000100000000)
[6,713s][debug][gc,heap] GC(174)   region size 1024K, 0 young (0K), 0 survivors (0K)
[6,713s][debug][gc,heap] GC(174)  Metaspace       used 5861K, committed 6144K, reserved 1114112K
[6,713s][debug][gc,heap] GC(174)   class space    used 660K, committed 768K, reserved 1048576K
[6,713s][debug][gc,heap] GC(175) Heap before GC invocations=174 (full 0):
[6,713s][debug][gc,heap] GC(175)  garbage-first heap   total 32768K, used 29857K [0x00000000fe000000, 0x0000000100000000)
[6,713s][debug][gc,heap] GC(175)   region size 1024K, 1 young (1024K), 0 survivors (0K)
[6,713s][debug][gc,heap] GC(175)  Metaspace       used 5861K, committed 6144K, reserved 1114112K
[6,713s][debug][gc,heap] GC(175)   class space    used 660K, committed 768K, reserved 1048576K
[6,713s][info ][gc,heap] GC(175) Eden regions: 1->0(13)
[6,713s][info ][gc,heap] GC(175) Survivor regions: 0->0(0)
[6,713s][info ][gc,heap] GC(175) Old regions: 3->3
[6,713s][info ][gc,heap] GC(175) Archive regions: 2->2
[6,713s][info ][gc,heap] GC(175) Humongous regions: 26->26
[6,713s][debug][gc,heap] GC(175) Heap after GC invocations=175 (full 0):
[6,713s][debug][gc,heap] GC(175)  garbage-first heap   total 32768K, used 29857K [0x00000000fe000000, 0x0000000100000000)
[6,713s][debug][gc,heap] GC(175)   region size 1024K, 0 young (0K), 0 survivors (0K)
[6,713s][debug][gc,heap] GC(175)  Metaspace       used 5861K, committed 6144K, reserved 1114112K
[6,713s][debug][gc,heap] GC(175)   class space    used 660K, committed 768K, reserved 1048576K
[6,713s][debug][gc,heap] GC(176) Heap before GC invocations=175 (full 0):
[6,713s][debug][gc,heap] GC(176)  garbage-first heap   total 32768K, used 29857K [0x00000000fe000000, 0x0000000100000000)
[6,713s][debug][gc,heap] GC(176)   region size 1024K, 1 young (1024K), 0 survivors (0K)
[6,713s][debug][gc,heap] GC(176)  Metaspace       used 5861K, committed 6144K, reserved 1114112K
[6,713s][debug][gc,heap] GC(176)   class space    used 660K, committed 768K, reserved 1048576K
[6,713s][info ][gc,heap] GC(176) Eden regions: 1->0(13)
[6,713s][info ][gc,heap] GC(176) Survivor regions: 0->0(0)
[6,713s][info ][gc,heap] GC(176) Old regions: 3->3
[6,713s][info ][gc,heap] GC(176) Archive regions: 2->2
[6,713s][info ][gc,heap] GC(176) Humongous regions: 26->26
[6,713s][debug][gc,heap] GC(176) Heap after GC invocations=176 (full 0):
[6,713s][debug][gc,heap] GC(176)  garbage-first heap   total 32768K, used 29857K [0x00000000fe000000, 0x0000000100000000)
[6,713s][debug][gc,heap] GC(176)   region size 1024K, 0 young (0K), 0 survivors (0K)
[6,713s][debug][gc,heap] GC(176)  Metaspace       used 5861K, committed 6144K, reserved 1114112K
[6,713s][debug][gc,heap] GC(176)   class space    used 660K, committed 768K, reserved 1048576K
[6,713s][debug][gc,heap] GC(177) Heap before GC invocations=176 (full 0):
[6,713s][debug][gc,heap] GC(177)  garbage-first heap   total 32768K, used 29857K [0x00000000fe000000, 0x0000000100000000)
[6,713s][debug][gc,heap] GC(177)   region size 1024K, 1 young (1024K), 0 survivors (0K)
[6,713s][debug][gc,heap] GC(177)  Metaspace       used 5861K, committed 6144K, reserved 1114112K
[6,713s][debug][gc,heap] GC(177)   class space    used 660K, committed 768K, reserved 1048576K
[6,713s][info ][gc,heap] GC(177) Eden regions: 1->0(13)
[6,713s][info ][gc,heap] GC(177) Survivor regions: 0->0(0)
[6,713s][info ][gc,heap] GC(177) Old regions: 3->3
[6,713s][info ][gc,heap] GC(177) Archive regions: 2->2
[6,713s][info ][gc,heap] GC(177) Humongous regions: 26->26
[6,713s][debug][gc,heap] GC(177) Heap after GC invocations=177 (full 0):
[6,713s][debug][gc,heap] GC(177)  garbage-first heap   total 32768K, used 29857K [0x00000000fe000000, 0x0000000100000000)
[6,713s][debug][gc,heap] GC(177)   region size 1024K, 0 young (0K), 0 survivors (0K)
[6,713s][debug][gc,heap] GC(177)  Metaspace       used 5861K, committed 6144K, reserved 1114112K
[6,713s][debug][gc,heap] GC(177)   class space    used 660K, committed 768K, reserved 1048576K
[6,713s][debug][gc,heap] GC(178) Heap before GC invocations=177 (full 0):
[6,713s][debug][gc,heap] GC(178)  garbage-first heap   total 32768K, used 29857K [0x00000000fe000000, 0x0000000100000000)
[6,713s][debug][gc,heap] GC(178)   region size 1024K, 1 young (1024K), 0 survivors (0K)
[6,713s][debug][gc,heap] GC(178)  Metaspace       used 5861K, committed 6144K, reserved 1114112K
[6,713s][debug][gc,heap] GC(178)   class space    used 660K, committed 768K, reserved 1048576K
[6,713s][info ][gc,heap] GC(178) Eden regions: 1->0(13)
[6,713s][info ][gc,heap] GC(178) Survivor regions: 0->0(0)
[6,713s][info ][gc,heap] GC(178) Old regions: 3->3
[6,713s][info ][gc,heap] GC(178) Archive regions: 2->2
[6,713s][info ][gc,heap] GC(178) Humongous regions: 26->26
[6,713s][debug][gc,heap] GC(178) Heap after GC invocations=178 (full 0):
[6,713s][debug][gc,heap] GC(178)  garbage-first heap   total 32768K, used 29857K [0x00000000fe000000, 0x0000000100000000)
[6,713s][debug][gc,heap] GC(178)   region size 1024K, 0 young (0K), 0 survivors (0K)
[6,713s][debug][gc,heap] GC(178)  Metaspace       used 5861K, committed 6144K, reserved 1114112K
[6,713s][debug][gc,heap] GC(178)   class space    used 660K, committed 768K, reserved 1048576K
[6,713s][debug][gc,heap] GC(179) Heap before GC invocations=178 (full 0):
[6,713s][debug][gc,heap] GC(179)  garbage-first heap   total 32768K, used 29857K [0x00000000fe000000, 0x0000000100000000)
[6,713s][debug][gc,heap] GC(179)   region size 1024K, 1 young (1024K), 0 survivors (0K)
[6,713s][debug][gc,heap] GC(179)  Metaspace       used 5861K, committed 6144K, reserved 1114112K
[6,714s][debug][gc,heap] GC(179)   class space    used 660K, committed 768K, reserved 1048576K
[6,714s][info ][gc,heap] GC(179) Eden regions: 1->0(12)
[6,714s][info ][gc,heap] GC(179) Survivor regions: 0->0(0)
[6,714s][info ][gc,heap] GC(179) Old regions: 3->3
[6,714s][info ][gc,heap] GC(179) Archive regions: 2->2
[6,714s][info ][gc,heap] GC(179) Humongous regions: 26->26
[6,714s][debug][gc,heap] GC(179) Heap after GC invocations=179 (full 0):
[6,714s][debug][gc,heap] GC(179)  garbage-first heap   total 32768K, used 29857K [0x00000000fe000000, 0x0000000100000000)
[6,714s][debug][gc,heap] GC(179)   region size 1024K, 0 young (0K), 0 survivors (0K)
[6,714s][debug][gc,heap] GC(179)  Metaspace       used 5861K, committed 6144K, reserved 1114112K
[6,714s][debug][gc,heap] GC(179)   class space    used 660K, committed 768K, reserved 1048576K
[6,714s][debug][gc,heap] GC(180) Heap before GC invocations=179 (full 0):
[6,714s][debug][gc,heap] GC(180)  garbage-first heap   total 32768K, used 29857K [0x00000000fe000000, 0x0000000100000000)
[6,714s][debug][gc,heap] GC(180)   region size 1024K, 1 young (1024K), 0 survivors (0K)
[6,714s][debug][gc,heap] GC(180)  Metaspace       used 5861K, committed 6144K, reserved 1114112K
[6,714s][debug][gc,heap] GC(180)   class space    used 660K, committed 768K, reserved 1048576K
[6,714s][info ][gc,heap] GC(180) Eden regions: 1->0(13)
[6,714s][info ][gc,heap] GC(180) Survivor regions: 0->0(0)
[6,714s][info ][gc,heap] GC(180) Old regions: 3->3
[6,714s][info ][gc,heap] GC(180) Archive regions: 2->2
[6,714s][info ][gc,heap] GC(180) Humongous regions: 26->26
[6,714s][debug][gc,heap] GC(180) Heap after GC invocations=180 (full 0):
[6,714s][debug][gc,heap] GC(180)  garbage-first heap   total 32768K, used 29857K [0x00000000fe000000, 0x0000000100000000)
[6,714s][debug][gc,heap] GC(180)   region size 1024K, 0 young (0K), 0 survivors (0K)
[6,714s][debug][gc,heap] GC(180)  Metaspace       used 5861K, committed 6144K, reserved 1114112K
[6,714s][debug][gc,heap] GC(180)   class space    used 660K, committed 768K, reserved 1048576K
[6,714s][debug][gc,heap] GC(181) Heap before GC invocations=180 (full 0):
[6,714s][debug][gc,heap] GC(181)  garbage-first heap   total 32768K, used 29857K [0x00000000fe000000, 0x0000000100000000)
[6,714s][debug][gc,heap] GC(181)   region size 1024K, 1 young (1024K), 0 survivors (0K)
[6,714s][debug][gc,heap] GC(181)  Metaspace       used 5861K, committed 6144K, reserved 1114112K
[6,714s][debug][gc,heap] GC(181)   class space    used 660K, committed 768K, reserved 1048576K
[6,714s][info ][gc,heap] GC(181) Eden regions: 1->0(13)
[6,714s][info ][gc,heap] GC(181) Survivor regions: 0->0(0)
[6,714s][info ][gc,heap] GC(181) Old regions: 3->3
[6,714s][info ][gc,heap] GC(181) Archive regions: 2->2
[6,714s][info ][gc,heap] GC(181) Humongous regions: 26->26
[6,714s][debug][gc,heap] GC(181) Heap after GC invocations=181 (full 0):
[6,714s][debug][gc,heap] GC(181)  garbage-first heap   total 32768K, used 29857K [0x00000000fe000000, 0x0000000100000000)
[6,714s][debug][gc,heap] GC(181)   region size 1024K, 0 young (0K), 0 survivors (0K)
[6,714s][debug][gc,heap] GC(181)  Metaspace       used 5861K, committed 6144K, reserved 1114112K
[6,714s][debug][gc,heap] GC(181)   class space    used 660K, committed 768K, reserved 1048576K
[6,714s][debug][gc,heap] GC(182) Heap before GC invocations=181 (full 0):
[6,714s][debug][gc,heap] GC(182)  garbage-first heap   total 32768K, used 29857K [0x00000000fe000000, 0x0000000100000000)
[6,714s][debug][gc,heap] GC(182)   region size 1024K, 1 young (1024K), 0 survivors (0K)
[6,714s][debug][gc,heap] GC(182)  Metaspace       used 5861K, committed 6144K, reserved 1114112K
[6,714s][debug][gc,heap] GC(182)   class space    used 660K, committed 768K, reserved 1048576K
[6,714s][info ][gc,heap] GC(182) Eden regions: 1->0(13)
[6,714s][info ][gc,heap] GC(182) Survivor regions: 0->0(0)
[6,714s][info ][gc,heap] GC(182) Old regions: 3->3
[6,714s][info ][gc,heap] GC(182) Archive regions: 2->2
[6,714s][info ][gc,heap] GC(182) Humongous regions: 26->26
[6,714s][debug][gc,heap] GC(182) Heap after GC invocations=182 (full 0):
[6,714s][debug][gc,heap] GC(182)  garbage-first heap   total 32768K, used 29857K [0x00000000fe000000, 0x0000000100000000)
[6,714s][debug][gc,heap] GC(182)   region size 1024K, 0 young (0K), 0 survivors (0K)
[6,714s][debug][gc,heap] GC(182)  Metaspace       used 5861K, committed 6144K, reserved 1114112K
[6,714s][debug][gc,heap] GC(182)   class space    used 660K, committed 768K, reserved 1048576K
[6,714s][debug][gc,heap] GC(183) Heap before GC invocations=182 (full 0):
[6,714s][debug][gc,heap] GC(183)  garbage-first heap   total 32768K, used 29857K [0x00000000fe000000, 0x0000000100000000)
[6,714s][debug][gc,heap] GC(183)   region size 1024K, 1 young (1024K), 0 survivors (0K)
[6,714s][debug][gc,heap] GC(183)  Metaspace       used 5861K, committed 6144K, reserved 1114112K
[6,714s][debug][gc,heap] GC(183)   class space    used 660K, committed 768K, reserved 1048576K
[6,714s][info ][gc,heap] GC(183) Eden regions: 1->0(14)
[6,714s][info ][gc,heap] GC(183) Survivor regions: 0->0(0)
[6,714s][info ][gc,heap] GC(183) Old regions: 3->3
[6,714s][info ][gc,heap] GC(183) Archive regions: 2->2
[6,714s][info ][gc,heap] GC(183) Humongous regions: 26->26
[6,714s][debug][gc,heap] GC(183) Heap after GC invocations=183 (full 0):
[6,714s][debug][gc,heap] GC(183)  garbage-first heap   total 32768K, used 29857K [0x00000000fe000000, 0x0000000100000000)
[6,714s][debug][gc,heap] GC(183)   region size 1024K, 0 young (0K), 0 survivors (0K)
[6,714s][debug][gc,heap] GC(183)  Metaspace       used 5861K, committed 6144K, reserved 1114112K
[6,714s][debug][gc,heap] GC(183)   class space    used 660K, committed 768K, reserved 1048576K
[6,714s][debug][gc,heap] GC(184) Heap before GC invocations=183 (full 0):
[6,714s][debug][gc,heap] GC(184)  garbage-first heap   total 32768K, used 29857K [0x00000000fe000000, 0x0000000100000000)
[6,714s][debug][gc,heap] GC(184)   region size 1024K, 1 young (1024K), 0 survivors (0K)
[6,714s][debug][gc,heap] GC(184)  Metaspace       used 5861K, committed 6144K, reserved 1114112K
[6,714s][debug][gc,heap] GC(184)   class space    used 660K, committed 768K, reserved 1048576K
[6,714s][info ][gc,heap] GC(184) Eden regions: 1->0(14)
[6,714s][info ][gc,heap] GC(184) Survivor regions: 0->0(0)
[6,714s][info ][gc,heap] GC(184) Old regions: 3->3
[6,714s][info ][gc,heap] GC(184) Archive regions: 2->2
[6,714s][info ][gc,heap] GC(184) Humongous regions: 26->26
[6,714s][debug][gc,heap] GC(184) Heap after GC invocations=184 (full 0):
[6,714s][debug][gc,heap] GC(184)  garbage-first heap   total 32768K, used 29857K [0x00000000fe000000, 0x0000000100000000)
[6,714s][debug][gc,heap] GC(184)   region size 1024K, 0 young (0K), 0 survivors (0K)
[6,714s][debug][gc,heap] GC(184)  Metaspace       used 5861K, committed 6144K, reserved 1114112K
[6,714s][debug][gc,heap] GC(184)   class space    used 660K, committed 768K, reserved 1048576K
[6,714s][debug][gc,heap] GC(185) Heap before GC invocations=184 (full 0):
[6,714s][debug][gc,heap] GC(185)  garbage-first heap   total 32768K, used 29857K [0x00000000fe000000, 0x0000000100000000)
[6,714s][debug][gc,heap] GC(185)   region size 1024K, 1 young (1024K), 0 survivors (0K)
[6,714s][debug][gc,heap] GC(185)  Metaspace       used 5861K, committed 6144K, reserved 1114112K
[6,714s][debug][gc,heap] GC(185)   class space    used 660K, committed 768K, reserved 1048576K
[6,714s][info ][gc,heap] GC(185) Eden regions: 1->0(14)
[6,714s][info ][gc,heap] GC(185) Survivor regions: 0->0(0)
[6,714s][info ][gc,heap] GC(185) Old regions: 3->3
[6,714s][info ][gc,heap] GC(185) Archive regions: 2->2
[6,714s][info ][gc,heap] GC(185) Humongous regions: 26->26
[6,714s][debug][gc,heap] GC(185) Heap after GC invocations=185 (full 0):
[6,714s][debug][gc,heap] GC(185)  garbage-first heap   total 32768K, used 29857K [0x00000000fe000000, 0x0000000100000000)
[6,714s][debug][gc,heap] GC(185)   region size 1024K, 0 young (0K), 0 survivors (0K)
[6,714s][debug][gc,heap] GC(185)  Metaspace       used 5861K, committed 6144K, reserved 1114112K
[6,714s][debug][gc,heap] GC(185)   class space    used 660K, committed 768K, reserved 1048576K
[6,714s][debug][gc,heap] GC(186) Heap before GC invocations=185 (full 0):
[6,714s][debug][gc,heap] GC(186)  garbage-first heap   total 32768K, used 29857K [0x00000000fe000000, 0x0000000100000000)
[6,714s][debug][gc,heap] GC(186)   region size 1024K, 1 young (1024K), 0 survivors (0K)
[6,714s][debug][gc,heap] GC(186)  Metaspace       used 5861K, committed 6144K, reserved 1114112K
[6,714s][debug][gc,heap] GC(186)   class space    used 660K, committed 768K, reserved 1048576K
[6,715s][info ][gc,heap] GC(186) Eden regions: 1->0(14)
[6,715s][info ][gc,heap] GC(186) Survivor regions: 0->0(0)
[6,715s][info ][gc,heap] GC(186) Old regions: 3->3
[6,715s][info ][gc,heap] GC(186) Archive regions: 2->2
[6,715s][info ][gc,heap] GC(186) Humongous regions: 26->26
[6,715s][debug][gc,heap] GC(186) Heap after GC invocations=186 (full 0):
[6,715s][debug][gc,heap] GC(186)  garbage-first heap   total 32768K, used 29857K [0x00000000fe000000, 0x0000000100000000)
[6,715s][debug][gc,heap] GC(186)   region size 1024K, 0 young (0K), 0 survivors (0K)
[6,715s][debug][gc,heap] GC(186)  Metaspace       used 5861K, committed 6144K, reserved 1114112K
[6,715s][debug][gc,heap] GC(186)   class space    used 660K, committed 768K, reserved 1048576K
[6,715s][debug][gc,heap] GC(187) Heap before GC invocations=186 (full 0):
[6,715s][debug][gc,heap] GC(187)  garbage-first heap   total 32768K, used 29857K [0x00000000fe000000, 0x0000000100000000)
[6,715s][debug][gc,heap] GC(187)   region size 1024K, 1 young (1024K), 0 survivors (0K)
[6,715s][debug][gc,heap] GC(187)  Metaspace       used 5861K, committed 6144K, reserved 1114112K
[6,715s][debug][gc,heap] GC(187)   class space    used 660K, committed 768K, reserved 1048576K
[6,715s][info ][gc,heap] GC(187) Eden regions: 1->0(13)
[6,715s][info ][gc,heap] GC(187) Survivor regions: 0->0(0)
[6,715s][info ][gc,heap] GC(187) Old regions: 3->3
[6,715s][info ][gc,heap] GC(187) Archive regions: 2->2
[6,715s][info ][gc,heap] GC(187) Humongous regions: 26->26
[6,715s][debug][gc,heap] GC(187) Heap after GC invocations=187 (full 0):
[6,715s][debug][gc,heap] GC(187)  garbage-first heap   total 32768K, used 29857K [0x00000000fe000000, 0x0000000100000000)
[6,715s][debug][gc,heap] GC(187)   region size 1024K, 0 young (0K), 0 survivors (0K)
[6,715s][debug][gc,heap] GC(187)  Metaspace       used 5861K, committed 6144K, reserved 1114112K
[6,715s][debug][gc,heap] GC(187)   class space    used 660K, committed 768K, reserved 1048576K
[6,715s][debug][gc,heap] GC(188) Heap before GC invocations=187 (full 0):
[6,715s][debug][gc,heap] GC(188)  garbage-first heap   total 32768K, used 29857K [0x00000000fe000000, 0x0000000100000000)
[6,715s][debug][gc,heap] GC(188)   region size 1024K, 1 young (1024K), 0 survivors (0K)
[6,715s][debug][gc,heap] GC(188)  Metaspace       used 5861K, committed 6144K, reserved 1114112K
[6,715s][debug][gc,heap] GC(188)   class space    used 660K, committed 768K, reserved 1048576K
[6,715s][info ][gc,heap] GC(188) Eden regions: 1->0(13)
[6,715s][info ][gc,heap] GC(188) Survivor regions: 0->0(0)
[6,715s][info ][gc,heap] GC(188) Old regions: 3->3
[6,715s][info ][gc,heap] GC(188) Archive regions: 2->2
[6,715s][info ][gc,heap] GC(188) Humongous regions: 26->26
[6,715s][debug][gc,heap] GC(188) Heap after GC invocations=188 (full 0):
[6,715s][debug][gc,heap] GC(188)  garbage-first heap   total 32768K, used 29857K [0x00000000fe000000, 0x0000000100000000)
[6,715s][debug][gc,heap] GC(188)   region size 1024K, 0 young (0K), 0 survivors (0K)
[6,715s][debug][gc,heap] GC(188)  Metaspace       used 5861K, committed 6144K, reserved 1114112K
[6,715s][debug][gc,heap] GC(188)   class space    used 660K, committed 768K, reserved 1048576K
[6,715s][debug][gc,heap] GC(189) Heap before GC invocations=188 (full 0):
[6,715s][debug][gc,heap] GC(189)  garbage-first heap   total 32768K, used 29857K [0x00000000fe000000, 0x0000000100000000)
[6,715s][debug][gc,heap] GC(189)   region size 1024K, 1 young (1024K), 0 survivors (0K)
[6,715s][debug][gc,heap] GC(189)  Metaspace       used 5861K, committed 6144K, reserved 1114112K
[6,715s][debug][gc,heap] GC(189)   class space    used 660K, committed 768K, reserved 1048576K
[6,715s][info ][gc,heap] GC(189) Eden regions: 1->0(13)
[6,715s][info ][gc,heap] GC(189) Survivor regions: 0->0(0)
[6,715s][info ][gc,heap] GC(189) Old regions: 3->3
[6,715s][info ][gc,heap] GC(189) Archive regions: 2->2
[6,715s][info ][gc,heap] GC(189) Humongous regions: 26->26
[6,715s][debug][gc,heap] GC(189) Heap after GC invocations=189 (full 0):
[6,715s][debug][gc,heap] GC(189)  garbage-first heap   total 32768K, used 29857K [0x00000000fe000000, 0x0000000100000000)
[6,715s][debug][gc,heap] GC(189)   region size 1024K, 0 young (0K), 0 survivors (0K)
[6,715s][debug][gc,heap] GC(189)  Metaspace       used 5861K, committed 6144K, reserved 1114112K
[6,715s][debug][gc,heap] GC(189)   class space    used 660K, committed 768K, reserved 1048576K
[6,715s][debug][gc,heap] GC(190) Heap before GC invocations=189 (full 0):
[6,715s][debug][gc,heap] GC(190)  garbage-first heap   total 32768K, used 29857K [0x00000000fe000000, 0x0000000100000000)
[6,715s][debug][gc,heap] GC(190)   region size 1024K, 1 young (1024K), 0 survivors (0K)
[6,715s][debug][gc,heap] GC(190)  Metaspace       used 5861K, committed 6144K, reserved 1114112K
[6,715s][debug][gc,heap] GC(190)   class space    used 660K, committed 768K, reserved 1048576K
[6,715s][info ][gc,heap] GC(190) Eden regions: 1->0(13)
[6,715s][info ][gc,heap] GC(190) Survivor regions: 0->0(0)
[6,715s][info ][gc,heap] GC(190) Old regions: 3->3
[6,715s][info ][gc,heap] GC(190) Archive regions: 2->2
[6,715s][info ][gc,heap] GC(190) Humongous regions: 26->26
[6,715s][debug][gc,heap] GC(190) Heap after GC invocations=190 (full 0):
[6,715s][debug][gc,heap] GC(190)  garbage-first heap   total 32768K, used 29857K [0x00000000fe000000, 0x0000000100000000)
[6,715s][debug][gc,heap] GC(190)   region size 1024K, 0 young (0K), 0 survivors (0K)
[6,715s][debug][gc,heap] GC(190)  Metaspace       used 5861K, committed 6144K, reserved 1114112K
[6,715s][debug][gc,heap] GC(190)   class space    used 660K, committed 768K, reserved 1048576K
[6,715s][debug][gc,heap] GC(191) Heap before GC invocations=190 (full 0):
[6,715s][debug][gc,heap] GC(191)  garbage-first heap   total 32768K, used 29857K [0x00000000fe000000, 0x0000000100000000)
[6,715s][debug][gc,heap] GC(191)   region size 1024K, 1 young (1024K), 0 survivors (0K)
[6,715s][debug][gc,heap] GC(191)  Metaspace       used 5861K, committed 6144K, reserved 1114112K
[6,715s][debug][gc,heap] GC(191)   class space    used 660K, committed 768K, reserved 1048576K
[6,715s][info ][gc,heap] GC(191) Eden regions: 1->0(13)
[6,715s][info ][gc,heap] GC(191) Survivor regions: 0->0(0)
[6,715s][info ][gc,heap] GC(191) Old regions: 3->3
[6,715s][info ][gc,heap] GC(191) Archive regions: 2->2
[6,715s][info ][gc,heap] GC(191) Humongous regions: 26->26
[6,715s][debug][gc,heap] GC(191) Heap after GC invocations=191 (full 0):
[6,715s][debug][gc,heap] GC(191)  garbage-first heap   total 32768K, used 29857K [0x00000000fe000000, 0x0000000100000000)
[6,715s][debug][gc,heap] GC(191)   region size 1024K, 0 young (0K), 0 survivors (0K)
[6,715s][debug][gc,heap] GC(191)  Metaspace       used 5861K, committed 6144K, reserved 1114112K
[6,715s][debug][gc,heap] GC(191)   class space    used 660K, committed 768K, reserved 1048576K
[6,715s][debug][gc,heap] GC(192) Heap before GC invocations=191 (full 0):
[6,715s][debug][gc,heap] GC(192)  garbage-first heap   total 32768K, used 29857K [0x00000000fe000000, 0x0000000100000000)
[6,715s][debug][gc,heap] GC(192)   region size 1024K, 1 young (1024K), 0 survivors (0K)
[6,715s][debug][gc,heap] GC(192)  Metaspace       used 5861K, committed 6144K, reserved 1114112K
[6,715s][debug][gc,heap] GC(192)   class space    used 660K, committed 768K, reserved 1048576K
[6,716s][info ][gc,heap] GC(192) Eden regions: 1->0(12)
[6,716s][info ][gc,heap] GC(192) Survivor regions: 0->0(0)
[6,716s][info ][gc,heap] GC(192) Old regions: 3->3
[6,716s][info ][gc,heap] GC(192) Archive regions: 2->2
[6,716s][info ][gc,heap] GC(192) Humongous regions: 26->26
[6,716s][debug][gc,heap] GC(192) Heap after GC invocations=192 (full 0):
[6,716s][debug][gc,heap] GC(192)  garbage-first heap   total 32768K, used 29857K [0x00000000fe000000, 0x0000000100000000)
[6,716s][debug][gc,heap] GC(192)   region size 1024K, 0 young (0K), 0 survivors (0K)
[6,716s][debug][gc,heap] GC(192)  Metaspace       used 5861K, committed 6144K, reserved 1114112K
[6,716s][debug][gc,heap] GC(192)   class space    used 660K, committed 768K, reserved 1048576K
[6,716s][debug][gc,heap] GC(193) Heap before GC invocations=192 (full 0):
[6,716s][debug][gc,heap] GC(193)  garbage-first heap   total 32768K, used 29857K [0x00000000fe000000, 0x0000000100000000)
[6,716s][debug][gc,heap] GC(193)   region size 1024K, 1 young (1024K), 0 survivors (0K)
[6,716s][debug][gc,heap] GC(193)  Metaspace       used 5861K, committed 6144K, reserved 1114112K
[6,716s][debug][gc,heap] GC(193)   class space    used 660K, committed 768K, reserved 1048576K
[6,716s][info ][gc,heap] GC(193) Eden regions: 1->0(13)
[6,716s][info ][gc,heap] GC(193) Survivor regions: 0->0(0)
[6,716s][info ][gc,heap] GC(193) Old regions: 3->3
[6,716s][info ][gc,heap] GC(193) Archive regions: 2->2
[6,716s][info ][gc,heap] GC(193) Humongous regions: 26->26
[6,716s][debug][gc,heap] GC(193) Heap after GC invocations=193 (full 0):
[6,716s][debug][gc,heap] GC(193)  garbage-first heap   total 32768K, used 29857K [0x00000000fe000000, 0x0000000100000000)
[6,716s][debug][gc,heap] GC(193)   region size 1024K, 0 young (0K), 0 survivors (0K)
[6,716s][debug][gc,heap] GC(193)  Metaspace       used 5861K, committed 6144K, reserved 1114112K
[6,716s][debug][gc,heap] GC(193)   class space    used 660K, committed 768K, reserved 1048576K
[6,716s][debug][gc,heap] GC(194) Heap before GC invocations=193 (full 0):
[6,716s][debug][gc,heap] GC(194)  garbage-first heap   total 32768K, used 29857K [0x00000000fe000000, 0x0000000100000000)
[6,716s][debug][gc,heap] GC(194)   region size 1024K, 1 young (1024K), 0 survivors (0K)
[6,716s][debug][gc,heap] GC(194)  Metaspace       used 5861K, committed 6144K, reserved 1114112K
[6,716s][debug][gc,heap] GC(194)   class space    used 660K, committed 768K, reserved 1048576K
[6,716s][info ][gc,heap] GC(194) Eden regions: 1->0(12)
[6,716s][info ][gc,heap] GC(194) Survivor regions: 0->0(0)
[6,716s][info ][gc,heap] GC(194) Old regions: 3->3
[6,716s][info ][gc,heap] GC(194) Archive regions: 2->2
[6,716s][info ][gc,heap] GC(194) Humongous regions: 26->26
[6,716s][debug][gc,heap] GC(194) Heap after GC invocations=194 (full 0):
[6,716s][debug][gc,heap] GC(194)  garbage-first heap   total 32768K, used 29857K [0x00000000fe000000, 0x0000000100000000)
[6,716s][debug][gc,heap] GC(194)   region size 1024K, 0 young (0K), 0 survivors (0K)
[6,716s][debug][gc,heap] GC(194)  Metaspace       used 5861K, committed 6144K, reserved 1114112K
[6,716s][debug][gc,heap] GC(194)   class space    used 660K, committed 768K, reserved 1048576K
[6,716s][debug][gc,heap] GC(195) Heap before GC invocations=194 (full 0):
[6,716s][debug][gc,heap] GC(195)  garbage-first heap   total 32768K, used 29857K [0x00000000fe000000, 0x0000000100000000)
[6,716s][debug][gc,heap] GC(195)   region size 1024K, 1 young (1024K), 0 survivors (0K)
[6,716s][debug][gc,heap] GC(195)  Metaspace       used 5861K, committed 6144K, reserved 1114112K
[6,716s][debug][gc,heap] GC(195)   class space    used 660K, committed 768K, reserved 1048576K
[6,716s][info ][gc,heap] GC(195) Eden regions: 1->0(11)
[6,716s][info ][gc,heap] GC(195) Survivor regions: 0->0(0)
[6,716s][info ][gc,heap] GC(195) Old regions: 3->3
[6,716s][info ][gc,heap] GC(195) Archive regions: 2->2
[6,716s][info ][gc,heap] GC(195) Humongous regions: 26->26
[6,716s][debug][gc,heap] GC(195) Heap after GC invocations=195 (full 0):
[6,716s][debug][gc,heap] GC(195)  garbage-first heap   total 32768K, used 29857K [0x00000000fe000000, 0x0000000100000000)
[6,716s][debug][gc,heap] GC(195)   region size 1024K, 0 young (0K), 0 survivors (0K)
[6,716s][debug][gc,heap] GC(195)  Metaspace       used 5861K, committed 6144K, reserved 1114112K
[6,716s][debug][gc,heap] GC(195)   class space    used 660K, committed 768K, reserved 1048576K
[6,716s][debug][gc,heap] GC(196) Heap before GC invocations=195 (full 0):
[6,716s][debug][gc,heap] GC(196)  garbage-first heap   total 32768K, used 29857K [0x00000000fe000000, 0x0000000100000000)
[6,716s][debug][gc,heap] GC(196)   region size 1024K, 1 young (1024K), 0 survivors (0K)
[6,716s][debug][gc,heap] GC(196)  Metaspace       used 5861K, committed 6144K, reserved 1114112K
[6,716s][debug][gc,heap] GC(196)   class space    used 660K, committed 768K, reserved 1048576K
[6,716s][info ][gc,heap] GC(196) Eden regions: 1->0(12)
[6,716s][info ][gc,heap] GC(196) Survivor regions: 0->0(0)
[6,716s][info ][gc,heap] GC(196) Old regions: 3->3
[6,716s][info ][gc,heap] GC(196) Archive regions: 2->2
[6,716s][info ][gc,heap] GC(196) Humongous regions: 26->26
[6,716s][debug][gc,heap] GC(196) Heap after GC invocations=196 (full 0):
[6,716s][debug][gc,heap] GC(196)  garbage-first heap   total 32768K, used 29857K [0x00000000fe000000, 0x0000000100000000)
[6,716s][debug][gc,heap] GC(196)   region size 1024K, 0 young (0K), 0 survivors (0K)
[6,716s][debug][gc,heap] GC(196)  Metaspace       used 5861K, committed 6144K, reserved 1114112K
[6,716s][debug][gc,heap] GC(196)   class space    used 660K, committed 768K, reserved 1048576K
[6,716s][debug][gc,heap] GC(197) Heap before GC invocations=196 (full 0):
[6,716s][debug][gc,heap] GC(197)  garbage-first heap   total 32768K, used 29857K [0x00000000fe000000, 0x0000000100000000)
[6,716s][debug][gc,heap] GC(197)   region size 1024K, 1 young (1024K), 0 survivors (0K)
[6,716s][debug][gc,heap] GC(197)  Metaspace       used 5861K, committed 6144K, reserved 1114112K
[6,716s][debug][gc,heap] GC(197)   class space    used 660K, committed 768K, reserved 1048576K
[6,716s][info ][gc,heap] GC(197) Eden regions: 1->0(12)
[6,716s][info ][gc,heap] GC(197) Survivor regions: 0->0(0)
[6,716s][info ][gc,heap] GC(197) Old regions: 3->3
[6,716s][info ][gc,heap] GC(197) Archive regions: 2->2
[6,716s][info ][gc,heap] GC(197) Humongous regions: 26->26
[6,716s][debug][gc,heap] GC(197) Heap after GC invocations=197 (full 0):
[6,716s][debug][gc,heap] GC(197)  garbage-first heap   total 32768K, used 29857K [0x00000000fe000000, 0x0000000100000000)
[6,716s][debug][gc,heap] GC(197)   region size 1024K, 0 young (0K), 0 survivors (0K)
[6,716s][debug][gc,heap] GC(197)  Metaspace       used 5861K, committed 6144K, reserved 1114112K
[6,716s][debug][gc,heap] GC(197)   class space    used 660K, committed 768K, reserved 1048576K
[6,717s][debug][gc,heap] GC(198) Heap before GC invocations=197 (full 0):
[6,717s][debug][gc,heap] GC(198)  garbage-first heap   total 32768K, used 29857K [0x00000000fe000000, 0x0000000100000000)
[6,717s][debug][gc,heap] GC(198)   region size 1024K, 1 young (1024K), 0 survivors (0K)
[6,717s][debug][gc,heap] GC(198)  Metaspace       used 5861K, committed 6144K, reserved 1114112K
[6,717s][debug][gc,heap] GC(198)   class space    used 660K, committed 768K, reserved 1048576K
[6,717s][info ][gc,heap] GC(198) Eden regions: 1->0(13)
[6,717s][info ][gc,heap] GC(198) Survivor regions: 0->0(0)
[6,717s][info ][gc,heap] GC(198) Old regions: 3->3
[6,717s][info ][gc,heap] GC(198) Archive regions: 2->2
[6,717s][info ][gc,heap] GC(198) Humongous regions: 26->26
[6,717s][debug][gc,heap] GC(198) Heap after GC invocations=198 (full 0):
[6,717s][debug][gc,heap] GC(198)  garbage-first heap   total 32768K, used 29857K [0x00000000fe000000, 0x0000000100000000)
[6,717s][debug][gc,heap] GC(198)   region size 1024K, 0 young (0K), 0 survivors (0K)
[6,717s][debug][gc,heap] GC(198)  Metaspace       used 5861K, committed 6144K, reserved 1114112K
[6,717s][debug][gc,heap] GC(198)   class space    used 660K, committed 768K, reserved 1048576K
[6,717s][debug][gc,heap] GC(199) Heap before GC invocations=198 (full 0):
[6,717s][debug][gc,heap] GC(199)  garbage-first heap   total 32768K, used 29857K [0x00000000fe000000, 0x0000000100000000)
[6,717s][debug][gc,heap] GC(199)   region size 1024K, 1 young (1024K), 0 survivors (0K)
[6,717s][debug][gc,heap] GC(199)  Metaspace       used 5861K, committed 6144K, reserved 1114112K
[6,717s][debug][gc,heap] GC(199)   class space    used 660K, committed 768K, reserved 1048576K
[6,717s][info ][gc,heap] GC(199) Eden regions: 1->0(13)
[6,717s][info ][gc,heap] GC(199) Survivor regions: 0->0(0)
[6,717s][info ][gc,heap] GC(199) Old regions: 3->3
[6,717s][info ][gc,heap] GC(199) Archive regions: 2->2
[6,717s][info ][gc,heap] GC(199) Humongous regions: 26->26
[6,717s][debug][gc,heap] GC(199) Heap after GC invocations=199 (full 0):
[6,717s][debug][gc,heap] GC(199)  garbage-first heap   total 32768K, used 29857K [0x00000000fe000000, 0x0000000100000000)
[6,717s][debug][gc,heap] GC(199)   region size 1024K, 0 young (0K), 0 survivors (0K)
[6,717s][debug][gc,heap] GC(199)  Metaspace       used 5861K, committed 6144K, reserved 1114112K
[6,717s][debug][gc,heap] GC(199)   class space    used 660K, committed 768K, reserved 1048576K
[6,717s][debug][gc,heap] GC(200) Heap before GC invocations=199 (full 0):
[6,717s][debug][gc,heap] GC(200)  garbage-first heap   total 32768K, used 29857K [0x00000000fe000000, 0x0000000100000000)
[6,717s][debug][gc,heap] GC(200)   region size 1024K, 1 young (1024K), 0 survivors (0K)
[6,717s][debug][gc,heap] GC(200)  Metaspace       used 5861K, committed 6144K, reserved 1114112K
[6,717s][debug][gc,heap] GC(200)   class space    used 660K, committed 768K, reserved 1048576K
[6,717s][info ][gc,heap] GC(200) Eden regions: 1->0(13)
[6,717s][info ][gc,heap] GC(200) Survivor regions: 0->0(0)
[6,717s][info ][gc,heap] GC(200) Old regions: 3->3
[6,717s][info ][gc,heap] GC(200) Archive regions: 2->2
[6,717s][info ][gc,heap] GC(200) Humongous regions: 26->26
[6,717s][debug][gc,heap] GC(200) Heap after GC invocations=200 (full 0):
[6,717s][debug][gc,heap] GC(200)  garbage-first heap   total 32768K, used 29857K [0x00000000fe000000, 0x0000000100000000)
[6,717s][debug][gc,heap] GC(200)   region size 1024K, 0 young (0K), 0 survivors (0K)
[6,717s][debug][gc,heap] GC(200)  Metaspace       used 5861K, committed 6144K, reserved 1114112K
[6,717s][debug][gc,heap] GC(200)   class space    used 660K, committed 768K, reserved 1048576K
[6,717s][debug][gc,heap] GC(201) Heap before GC invocations=200 (full 0):
[6,717s][debug][gc,heap] GC(201)  garbage-first heap   total 32768K, used 29857K [0x00000000fe000000, 0x0000000100000000)
[6,717s][debug][gc,heap] GC(201)   region size 1024K, 1 young (1024K), 0 survivors (0K)
[6,717s][debug][gc,heap] GC(201)  Metaspace       used 5861K, committed 6144K, reserved 1114112K
[6,717s][debug][gc,heap] GC(201)   class space    used 660K, committed 768K, reserved 1048576K
[6,717s][info ][gc,heap] GC(201) Eden regions: 1->0(13)
[6,717s][info ][gc,heap] GC(201) Survivor regions: 0->0(0)
[6,717s][info ][gc,heap] GC(201) Old regions: 3->3
[6,717s][info ][gc,heap] GC(201) Archive regions: 2->2
[6,717s][info ][gc,heap] GC(201) Humongous regions: 26->26
[6,717s][debug][gc,heap] GC(201) Heap after GC invocations=201 (full 0):
[6,717s][debug][gc,heap] GC(201)  garbage-first heap   total 32768K, used 29857K [0x00000000fe000000, 0x0000000100000000)
[6,717s][debug][gc,heap] GC(201)   region size 1024K, 0 young (0K), 0 survivors (0K)
[6,717s][debug][gc,heap] GC(201)  Metaspace       used 5861K, committed 6144K, reserved 1114112K
[6,717s][debug][gc,heap] GC(201)   class space    used 660K, committed 768K, reserved 1048576K
[6,717s][debug][gc,heap] GC(202) Heap before GC invocations=201 (full 0):
[6,717s][debug][gc,heap] GC(202)  garbage-first heap   total 32768K, used 29857K [0x00000000fe000000, 0x0000000100000000)
[6,717s][debug][gc,heap] GC(202)   region size 1024K, 1 young (1024K), 0 survivors (0K)
[6,717s][debug][gc,heap] GC(202)  Metaspace       used 5861K, committed 6144K, reserved 1114112K
[6,717s][debug][gc,heap] GC(202)   class space    used 660K, committed 768K, reserved 1048576K
[6,717s][info ][gc,heap] GC(202) Eden regions: 1->0(13)
[6,717s][info ][gc,heap] GC(202) Survivor regions: 0->0(0)
[6,717s][info ][gc,heap] GC(202) Old regions: 3->3
[6,717s][info ][gc,heap] GC(202) Archive regions: 2->2
[6,717s][info ][gc,heap] GC(202) Humongous regions: 26->26
[6,717s][debug][gc,heap] GC(202) Heap after GC invocations=202 (full 0):
[6,717s][debug][gc,heap] GC(202)  garbage-first heap   total 32768K, used 29857K [0x00000000fe000000, 0x0000000100000000)
[6,717s][debug][gc,heap] GC(202)   region size 1024K, 0 young (0K), 0 survivors (0K)
[6,717s][debug][gc,heap] GC(202)  Metaspace       used 5861K, committed 6144K, reserved 1114112K
[6,717s][debug][gc,heap] GC(202)   class space    used 660K, committed 768K, reserved 1048576K
[6,717s][debug][gc,heap] GC(203) Heap before GC invocations=202 (full 0):
[6,717s][debug][gc,heap] GC(203)  garbage-first heap   total 32768K, used 29857K [0x00000000fe000000, 0x0000000100000000)
[6,717s][debug][gc,heap] GC(203)   region size 1024K, 1 young (1024K), 0 survivors (0K)
[6,717s][debug][gc,heap] GC(203)  Metaspace       used 5861K, committed 6144K, reserved 1114112K
[6,717s][debug][gc,heap] GC(203)   class space    used 660K, committed 768K, reserved 1048576K
[6,717s][info ][gc,heap] GC(203) Eden regions: 1->0(13)
[6,717s][info ][gc,heap] GC(203) Survivor regions: 0->0(0)
[6,717s][info ][gc,heap] GC(203) Old regions: 3->3
[6,717s][info ][gc,heap] GC(203) Archive regions: 2->2
[6,717s][info ][gc,heap] GC(203) Humongous regions: 26->26
[6,717s][debug][gc,heap] GC(203) Heap after GC invocations=203 (full 0):
[6,717s][debug][gc,heap] GC(203)  garbage-first heap   total 32768K, used 29857K [0x00000000fe000000, 0x0000000100000000)
[6,717s][debug][gc,heap] GC(203)   region size 1024K, 0 young (0K), 0 survivors (0K)
[6,717s][debug][gc,heap] GC(203)  Metaspace       used 5861K, committed 6144K, reserved 1114112K
[6,717s][debug][gc,heap] GC(203)   class space    used 660K, committed 768K, reserved 1048576K
[6,718s][debug][gc,heap] GC(204) Heap before GC invocations=203 (full 0):
[6,718s][debug][gc,heap] GC(204)  garbage-first heap   total 32768K, used 29857K [0x00000000fe000000, 0x0000000100000000)
[6,718s][debug][gc,heap] GC(204)   region size 1024K, 1 young (1024K), 0 survivors (0K)
[6,718s][debug][gc,heap] GC(204)  Metaspace       used 5861K, committed 6144K, reserved 1114112K
[6,718s][debug][gc,heap] GC(204)   class space    used 660K, committed 768K, reserved 1048576K
[6,718s][info ][gc,heap] GC(204) Eden regions: 1->0(12)
[6,718s][info ][gc,heap] GC(204) Survivor regions: 0->0(0)
[6,718s][info ][gc,heap] GC(204) Old regions: 3->3
[6,718s][info ][gc,heap] GC(204) Archive regions: 2->2
[6,718s][info ][gc,heap] GC(204) Humongous regions: 26->26
[6,718s][debug][gc,heap] GC(204) Heap after GC invocations=204 (full 0):
[6,718s][debug][gc,heap] GC(204)  garbage-first heap   total 32768K, used 29857K [0x00000000fe000000, 0x0000000100000000)
[6,718s][debug][gc,heap] GC(204)   region size 1024K, 0 young (0K), 0 survivors (0K)
[6,718s][debug][gc,heap] GC(204)  Metaspace       used 5861K, committed 6144K, reserved 1114112K
[6,718s][debug][gc,heap] GC(204)   class space    used 660K, committed 768K, reserved 1048576K
[6,718s][debug][gc,heap] GC(205) Heap before GC invocations=204 (full 0):
[6,718s][debug][gc,heap] GC(205)  garbage-first heap   total 32768K, used 29857K [0x00000000fe000000, 0x0000000100000000)
[6,718s][debug][gc,heap] GC(205)   region size 1024K, 1 young (1024K), 0 survivors (0K)
[6,718s][debug][gc,heap] GC(205)  Metaspace       used 5861K, committed 6144K, reserved 1114112K
[6,718s][debug][gc,heap] GC(205)   class space    used 660K, committed 768K, reserved 1048576K
[6,718s][info ][gc,heap] GC(205) Eden regions: 1->0(13)
[6,718s][info ][gc,heap] GC(205) Survivor regions: 0->0(0)
[6,718s][info ][gc,heap] GC(205) Old regions: 3->3
[6,718s][info ][gc,heap] GC(205) Archive regions: 2->2
[6,718s][info ][gc,heap] GC(205) Humongous regions: 26->26
[6,718s][debug][gc,heap] GC(205) Heap after GC invocations=205 (full 0):
[6,718s][debug][gc,heap] GC(205)  garbage-first heap   total 32768K, used 29857K [0x00000000fe000000, 0x0000000100000000)
[6,718s][debug][gc,heap] GC(205)   region size 1024K, 0 young (0K), 0 survivors (0K)
[6,718s][debug][gc,heap] GC(205)  Metaspace       used 5861K, committed 6144K, reserved 1114112K
[6,718s][debug][gc,heap] GC(205)   class space    used 660K, committed 768K, reserved 1048576K
[6,718s][debug][gc,heap] GC(206) Heap before GC invocations=205 (full 0):
[6,718s][debug][gc,heap] GC(206)  garbage-first heap   total 32768K, used 29857K [0x00000000fe000000, 0x0000000100000000)
[6,718s][debug][gc,heap] GC(206)   region size 1024K, 1 young (1024K), 0 survivors (0K)
[6,718s][debug][gc,heap] GC(206)  Metaspace       used 5861K, committed 6144K, reserved 1114112K
[6,718s][debug][gc,heap] GC(206)   class space    used 660K, committed 768K, reserved 1048576K
[6,718s][info ][gc,heap] GC(206) Eden regions: 1->0(14)
[6,718s][info ][gc,heap] GC(206) Survivor regions: 0->0(0)
[6,718s][info ][gc,heap] GC(206) Old regions: 3->3
[6,718s][info ][gc,heap] GC(206) Archive regions: 2->2
[6,718s][info ][gc,heap] GC(206) Humongous regions: 26->26
[6,718s][debug][gc,heap] GC(206) Heap after GC invocations=206 (full 0):
[6,718s][debug][gc,heap] GC(206)  garbage-first heap   total 32768K, used 29857K [0x00000000fe000000, 0x0000000100000000)
[6,718s][debug][gc,heap] GC(206)   region size 1024K, 0 young (0K), 0 survivors (0K)
[6,718s][debug][gc,heap] GC(206)  Metaspace       used 5861K, committed 6144K, reserved 1114112K
[6,718s][debug][gc,heap] GC(206)   class space    used 660K, committed 768K, reserved 1048576K
[6,718s][debug][gc,heap] GC(207) Heap before GC invocations=206 (full 0):
[6,718s][debug][gc,heap] GC(207)  garbage-first heap   total 32768K, used 29857K [0x00000000fe000000, 0x0000000100000000)
[6,718s][debug][gc,heap] GC(207)   region size 1024K, 1 young (1024K), 0 survivors (0K)
[6,718s][debug][gc,heap] GC(207)  Metaspace       used 5861K, committed 6144K, reserved 1114112K
[6,718s][debug][gc,heap] GC(207)   class space    used 660K, committed 768K, reserved 1048576K
[6,718s][info ][gc,heap] GC(207) Eden regions: 1->0(13)
[6,718s][info ][gc,heap] GC(207) Survivor regions: 0->0(0)
[6,718s][info ][gc,heap] GC(207) Old regions: 3->3
[6,718s][info ][gc,heap] GC(207) Archive regions: 2->2
[6,718s][info ][gc,heap] GC(207) Humongous regions: 26->26
[6,718s][debug][gc,heap] GC(207) Heap after GC invocations=207 (full 0):
[6,718s][debug][gc,heap] GC(207)  garbage-first heap   total 32768K, used 29857K [0x00000000fe000000, 0x0000000100000000)
[6,718s][debug][gc,heap] GC(207)   region size 1024K, 0 young (0K), 0 survivors (0K)
[6,718s][debug][gc,heap] GC(207)  Metaspace       used 5861K, committed 6144K, reserved 1114112K
[6,718s][debug][gc,heap] GC(207)   class space    used 660K, committed 768K, reserved 1048576K
[6,718s][debug][gc,heap] GC(208) Heap before GC invocations=207 (full 0):
[6,718s][debug][gc,heap] GC(208)  garbage-first heap   total 32768K, used 29857K [0x00000000fe000000, 0x0000000100000000)
[6,718s][debug][gc,heap] GC(208)   region size 1024K, 1 young (1024K), 0 survivors (0K)
[6,718s][debug][gc,heap] GC(208)  Metaspace       used 5861K, committed 6144K, reserved 1114112K
[6,718s][debug][gc,heap] GC(208)   class space    used 660K, committed 768K, reserved 1048576K
[6,718s][info ][gc,heap] GC(208) Eden regions: 1->0(13)
[6,718s][info ][gc,heap] GC(208) Survivor regions: 0->0(0)
[6,718s][info ][gc,heap] GC(208) Old regions: 3->3
[6,718s][info ][gc,heap] GC(208) Archive regions: 2->2
[6,718s][info ][gc,heap] GC(208) Humongous regions: 26->26
[6,718s][debug][gc,heap] GC(208) Heap after GC invocations=208 (full 0):
[6,718s][debug][gc,heap] GC(208)  garbage-first heap   total 32768K, used 29857K [0x00000000fe000000, 0x0000000100000000)
[6,718s][debug][gc,heap] GC(208)   region size 1024K, 0 young (0K), 0 survivors (0K)
[6,718s][debug][gc,heap] GC(208)  Metaspace       used 5861K, committed 6144K, reserved 1114112K
[6,718s][debug][gc,heap] GC(208)   class space    used 660K, committed 768K, reserved 1048576K
[6,718s][debug][gc,heap] GC(209) Heap before GC invocations=208 (full 0):
[6,718s][debug][gc,heap] GC(209)  garbage-first heap   total 32768K, used 29857K [0x00000000fe000000, 0x0000000100000000)
[6,718s][debug][gc,heap] GC(209)   region size 1024K, 1 young (1024K), 0 survivors (0K)
[6,718s][debug][gc,heap] GC(209)  Metaspace       used 5861K, committed 6144K, reserved 1114112K
[6,718s][debug][gc,heap] GC(209)   class space    used 660K, committed 768K, reserved 1048576K
[6,718s][info ][gc,heap] GC(209) Eden regions: 1->0(13)
[6,718s][info ][gc,heap] GC(209) Survivor regions: 0->0(0)
[6,718s][info ][gc,heap] GC(209) Old regions: 3->3
[6,718s][info ][gc,heap] GC(209) Archive regions: 2->2
[6,718s][info ][gc,heap] GC(209) Humongous regions: 26->26
[6,718s][debug][gc,heap] GC(209) Heap after GC invocations=209 (full 0):
[6,718s][debug][gc,heap] GC(209)  garbage-first heap   total 32768K, used 29857K [0x00000000fe000000, 0x0000000100000000)
[6,718s][debug][gc,heap] GC(209)   region size 1024K, 0 young (0K), 0 survivors (0K)
[6,718s][debug][gc,heap] GC(209)  Metaspace       used 5861K, committed 6144K, reserved 1114112K
[6,718s][debug][gc,heap] GC(209)   class space    used 660K, committed 768K, reserved 1048576K
[6,718s][debug][gc,heap] GC(210) Heap before GC invocations=209 (full 0):
[6,718s][debug][gc,heap] GC(210)  garbage-first heap   total 32768K, used 29857K [0x00000000fe000000, 0x0000000100000000)
[6,718s][debug][gc,heap] GC(210)   region size 1024K, 1 young (1024K), 0 survivors (0K)
[6,718s][debug][gc,heap] GC(210)  Metaspace       used 5861K, committed 6144K, reserved 1114112K
[6,718s][debug][gc,heap] GC(210)   class space    used 660K, committed 768K, reserved 1048576K
[6,719s][info ][gc,heap] GC(210) Eden regions: 1->0(12)
[6,719s][info ][gc,heap] GC(210) Survivor regions: 0->0(0)
[6,719s][info ][gc,heap] GC(210) Old regions: 3->3
[6,719s][info ][gc,heap] GC(210) Archive regions: 2->2
[6,719s][info ][gc,heap] GC(210) Humongous regions: 26->26
[6,719s][debug][gc,heap] GC(210) Heap after GC invocations=210 (full 0):
[6,719s][debug][gc,heap] GC(210)  garbage-first heap   total 32768K, used 29857K [0x00000000fe000000, 0x0000000100000000)
[6,719s][debug][gc,heap] GC(210)   region size 1024K, 0 young (0K), 0 survivors (0K)
[6,719s][debug][gc,heap] GC(210)  Metaspace       used 5861K, committed 6144K, reserved 1114112K
[6,719s][debug][gc,heap] GC(210)   class space    used 660K, committed 768K, reserved 1048576K
[6,719s][debug][gc,heap] GC(211) Heap before GC invocations=210 (full 0):
[6,719s][debug][gc,heap] GC(211)  garbage-first heap   total 32768K, used 29857K [0x00000000fe000000, 0x0000000100000000)
[6,719s][debug][gc,heap] GC(211)   region size 1024K, 1 young (1024K), 0 survivors (0K)
[6,719s][debug][gc,heap] GC(211)  Metaspace       used 5861K, committed 6144K, reserved 1114112K
[6,719s][debug][gc,heap] GC(211)   class space    used 660K, committed 768K, reserved 1048576K
[6,719s][info ][gc,heap] GC(211) Eden regions: 1->0(12)
[6,719s][info ][gc,heap] GC(211) Survivor regions: 0->0(0)
[6,719s][info ][gc,heap] GC(211) Old regions: 3->3
[6,719s][info ][gc,heap] GC(211) Archive regions: 2->2
[6,719s][info ][gc,heap] GC(211) Humongous regions: 26->26
[6,719s][debug][gc,heap] GC(211) Heap after GC invocations=211 (full 0):
[6,719s][debug][gc,heap] GC(211)  garbage-first heap   total 32768K, used 29857K [0x00000000fe000000, 0x0000000100000000)
[6,719s][debug][gc,heap] GC(211)   region size 1024K, 0 young (0K), 0 survivors (0K)
[6,719s][debug][gc,heap] GC(211)  Metaspace       used 5861K, committed 6144K, reserved 1114112K
[6,719s][debug][gc,heap] GC(211)   class space    used 660K, committed 768K, reserved 1048576K
[6,719s][debug][gc,heap] GC(212) Heap before GC invocations=211 (full 0):
[6,719s][debug][gc,heap] GC(212)  garbage-first heap   total 32768K, used 29857K [0x00000000fe000000, 0x0000000100000000)
[6,719s][debug][gc,heap] GC(212)   region size 1024K, 1 young (1024K), 0 survivors (0K)
[6,719s][debug][gc,heap] GC(212)  Metaspace       used 5861K, committed 6144K, reserved 1114112K
[6,719s][debug][gc,heap] GC(212)   class space    used 660K, committed 768K, reserved 1048576K
[6,719s][info ][gc,heap] GC(212) Eden regions: 1->0(12)
[6,719s][info ][gc,heap] GC(212) Survivor regions: 0->0(0)
[6,719s][info ][gc,heap] GC(212) Old regions: 3->3
[6,719s][info ][gc,heap] GC(212) Archive regions: 2->2
[6,719s][info ][gc,heap] GC(212) Humongous regions: 26->26
[6,719s][debug][gc,heap] GC(212) Heap after GC invocations=212 (full 0):
[6,719s][debug][gc,heap] GC(212)  garbage-first heap   total 32768K, used 29857K [0x00000000fe000000, 0x0000000100000000)
[6,719s][debug][gc,heap] GC(212)   region size 1024K, 0 young (0K), 0 survivors (0K)
[6,719s][debug][gc,heap] GC(212)  Metaspace       used 5861K, committed 6144K, reserved 1114112K
[6,719s][debug][gc,heap] GC(212)   class space    used 660K, committed 768K, reserved 1048576K
[6,719s][debug][gc,heap] GC(213) Heap before GC invocations=212 (full 0):
[6,719s][debug][gc,heap] GC(213)  garbage-first heap   total 32768K, used 29857K [0x00000000fe000000, 0x0000000100000000)
[6,719s][debug][gc,heap] GC(213)   region size 1024K, 1 young (1024K), 0 survivors (0K)
[6,719s][debug][gc,heap] GC(213)  Metaspace       used 5861K, committed 6144K, reserved 1114112K
[6,719s][debug][gc,heap] GC(213)   class space    used 660K, committed 768K, reserved 1048576K
[6,719s][info ][gc,heap] GC(213) Eden regions: 1->0(12)
[6,719s][info ][gc,heap] GC(213) Survivor regions: 0->0(0)
[6,719s][info ][gc,heap] GC(213) Old regions: 3->3
[6,719s][info ][gc,heap] GC(213) Archive regions: 2->2
[6,719s][info ][gc,heap] GC(213) Humongous regions: 26->26
[6,719s][debug][gc,heap] GC(213) Heap after GC invocations=213 (full 0):
[6,719s][debug][gc,heap] GC(213)  garbage-first heap   total 32768K, used 29857K [0x00000000fe000000, 0x0000000100000000)
[6,719s][debug][gc,heap] GC(213)   region size 1024K, 0 young (0K), 0 survivors (0K)
[6,719s][debug][gc,heap] GC(213)  Metaspace       used 5861K, committed 6144K, reserved 1114112K
[6,719s][debug][gc,heap] GC(213)   class space    used 660K, committed 768K, reserved 1048576K
[6,719s][debug][gc,heap] GC(214) Heap before GC invocations=213 (full 0):
[6,719s][debug][gc,heap] GC(214)  garbage-first heap   total 32768K, used 29857K [0x00000000fe000000, 0x0000000100000000)
[6,719s][debug][gc,heap] GC(214)   region size 1024K, 1 young (1024K), 0 survivors (0K)
[6,719s][debug][gc,heap] GC(214)  Metaspace       used 5861K, committed 6144K, reserved 1114112K
[6,719s][debug][gc,heap] GC(214)   class space    used 660K, committed 768K, reserved 1048576K
[6,719s][info ][gc,heap] GC(214) Eden regions: 1->0(12)
[6,719s][info ][gc,heap] GC(214) Survivor regions: 0->0(0)
[6,719s][info ][gc,heap] GC(214) Old regions: 3->3
[6,719s][info ][gc,heap] GC(214) Archive regions: 2->2
[6,719s][info ][gc,heap] GC(214) Humongous regions: 26->26
[6,719s][debug][gc,heap] GC(214) Heap after GC invocations=214 (full 0):
[6,719s][debug][gc,heap] GC(214)  garbage-first heap   total 32768K, used 29857K [0x00000000fe000000, 0x0000000100000000)
[6,719s][debug][gc,heap] GC(214)   region size 1024K, 0 young (0K), 0 survivors (0K)
[6,719s][debug][gc,heap] GC(214)  Metaspace       used 5861K, committed 6144K, reserved 1114112K
[6,719s][debug][gc,heap] GC(214)   class space    used 660K, committed 768K, reserved 1048576K
[6,720s][debug][gc,heap] GC(215) Heap before GC invocations=214 (full 0):
[6,720s][debug][gc,heap] GC(215)  garbage-first heap   total 32768K, used 29857K [0x00000000fe000000, 0x0000000100000000)
[6,720s][debug][gc,heap] GC(215)   region size 1024K, 1 young (1024K), 0 survivors (0K)
[6,720s][debug][gc,heap] GC(215)  Metaspace       used 5861K, committed 6144K, reserved 1114112K
[6,720s][debug][gc,heap] GC(215)   class space    used 660K, committed 768K, reserved 1048576K
[6,720s][info ][gc,heap] GC(215) Eden regions: 1->0(11)
[6,720s][info ][gc,heap] GC(215) Survivor regions: 0->0(0)
[6,720s][info ][gc,heap] GC(215) Old regions: 3->3
[6,720s][info ][gc,heap] GC(215) Archive regions: 2->2
[6,720s][info ][gc,heap] GC(215) Humongous regions: 26->26
[6,720s][debug][gc,heap] GC(215) Heap after GC invocations=215 (full 0):
[6,720s][debug][gc,heap] GC(215)  garbage-first heap   total 32768K, used 29857K [0x00000000fe000000, 0x0000000100000000)
[6,720s][debug][gc,heap] GC(215)   region size 1024K, 0 young (0K), 0 survivors (0K)
[6,720s][debug][gc,heap] GC(215)  Metaspace       used 5861K, committed 6144K, reserved 1114112K
[6,720s][debug][gc,heap] GC(215)   class space    used 660K, committed 768K, reserved 1048576K
[6,722s][debug][gc,heap] GC(216) Heap before GC invocations=215 (full 0):
[6,722s][debug][gc,heap] GC(216)  garbage-first heap   total 32768K, used 29857K [0x00000000fe000000, 0x0000000100000000)
[6,722s][debug][gc,heap] GC(216)   region size 1024K, 1 young (1024K), 0 survivors (0K)
[6,722s][debug][gc,heap] GC(216)  Metaspace       used 5861K, committed 6144K, reserved 1114112K
[6,722s][debug][gc,heap] GC(216)   class space    used 660K, committed 768K, reserved 1048576K
[6,722s][info ][gc,heap] GC(216) Eden regions: 1->0(9)
[6,722s][info ][gc,heap] GC(216) Survivor regions: 0->0(0)
[6,722s][info ][gc,heap] GC(216) Old regions: 3->3
[6,722s][info ][gc,heap] GC(216) Archive regions: 2->2
[6,722s][info ][gc,heap] GC(216) Humongous regions: 26->26
[6,722s][debug][gc,heap] GC(216) Heap after GC invocations=216 (full 0):
[6,722s][debug][gc,heap] GC(216)  garbage-first heap   total 32768K, used 29857K [0x00000000fe000000, 0x0000000100000000)
[6,722s][debug][gc,heap] GC(216)   region size 1024K, 0 young (0K), 0 survivors (0K)
[6,722s][debug][gc,heap] GC(216)  Metaspace       used 5861K, committed 6144K, reserved 1114112K
[6,722s][debug][gc,heap] GC(216)   class space    used 660K, committed 768K, reserved 1048576K
[6,722s][debug][gc,heap] GC(217) Heap before GC invocations=216 (full 0):
[6,722s][debug][gc,heap] GC(217)  garbage-first heap   total 32768K, used 29857K [0x00000000fe000000, 0x0000000100000000)
[6,722s][debug][gc,heap] GC(217)   region size 1024K, 1 young (1024K), 0 survivors (0K)
[6,722s][debug][gc,heap] GC(217)  Metaspace       used 5861K, committed 6144K, reserved 1114112K
[6,722s][debug][gc,heap] GC(217)   class space    used 660K, committed 768K, reserved 1048576K
[6,722s][info ][gc,heap] GC(217) Eden regions: 1->0(10)
[6,722s][info ][gc,heap] GC(217) Survivor regions: 0->0(0)
[6,722s][info ][gc,heap] GC(217) Old regions: 3->3
[6,722s][info ][gc,heap] GC(217) Archive regions: 2->2
[6,722s][info ][gc,heap] GC(217) Humongous regions: 26->26
[6,722s][debug][gc,heap] GC(217) Heap after GC invocations=217 (full 0):
[6,722s][debug][gc,heap] GC(217)  garbage-first heap   total 32768K, used 29857K [0x00000000fe000000, 0x0000000100000000)
[6,722s][debug][gc,heap] GC(217)   region size 1024K, 0 young (0K), 0 survivors (0K)
[6,722s][debug][gc,heap] GC(217)  Metaspace       used 5861K, committed 6144K, reserved 1114112K
[6,722s][debug][gc,heap] GC(217)   class space    used 660K, committed 768K, reserved 1048576K
[6,722s][debug][gc,heap] GC(218) Heap before GC invocations=217 (full 0):
[6,722s][debug][gc,heap] GC(218)  garbage-first heap   total 32768K, used 29857K [0x00000000fe000000, 0x0000000100000000)
[6,722s][debug][gc,heap] GC(218)   region size 1024K, 1 young (1024K), 0 survivors (0K)
[6,722s][debug][gc,heap] GC(218)  Metaspace       used 5861K, committed 6144K, reserved 1114112K
[6,722s][debug][gc,heap] GC(218)   class space    used 660K, committed 768K, reserved 1048576K
[6,722s][info ][gc,heap] GC(218) Eden regions: 1->0(10)
[6,722s][info ][gc,heap] GC(218) Survivor regions: 0->0(0)
[6,722s][info ][gc,heap] GC(218) Old regions: 3->3
[6,722s][info ][gc,heap] GC(218) Archive regions: 2->2
[6,722s][info ][gc,heap] GC(218) Humongous regions: 26->26
[6,722s][debug][gc,heap] GC(218) Heap after GC invocations=218 (full 0):
[6,722s][debug][gc,heap] GC(218)  garbage-first heap   total 32768K, used 29857K [0x00000000fe000000, 0x0000000100000000)
[6,722s][debug][gc,heap] GC(218)   region size 1024K, 0 young (0K), 0 survivors (0K)
[6,722s][debug][gc,heap] GC(218)  Metaspace       used 5861K, committed 6144K, reserved 1114112K
[6,722s][debug][gc,heap] GC(218)   class space    used 660K, committed 768K, reserved 1048576K
[6,722s][debug][gc,heap] GC(219) Heap before GC invocations=218 (full 0):
[6,722s][debug][gc,heap] GC(219)  garbage-first heap   total 32768K, used 29857K [0x00000000fe000000, 0x0000000100000000)
[6,722s][debug][gc,heap] GC(219)   region size 1024K, 1 young (1024K), 0 survivors (0K)
[6,722s][debug][gc,heap] GC(219)  Metaspace       used 5861K, committed 6144K, reserved 1114112K
[6,722s][debug][gc,heap] GC(219)   class space    used 660K, committed 768K, reserved 1048576K
[6,722s][info ][gc,heap] GC(219) Eden regions: 1->0(12)
[6,722s][info ][gc,heap] GC(219) Survivor regions: 0->0(0)
[6,722s][info ][gc,heap] GC(219) Old regions: 3->3
[6,722s][info ][gc,heap] GC(219) Archive regions: 2->2
[6,722s][info ][gc,heap] GC(219) Humongous regions: 26->26
[6,722s][debug][gc,heap] GC(219) Heap after GC invocations=219 (full 0):
[6,722s][debug][gc,heap] GC(219)  garbage-first heap   total 32768K, used 29857K [0x00000000fe000000, 0x0000000100000000)
[6,722s][debug][gc,heap] GC(219)   region size 1024K, 0 young (0K), 0 survivors (0K)
[6,722s][debug][gc,heap] GC(219)  Metaspace       used 5861K, committed 6144K, reserved 1114112K
[6,722s][debug][gc,heap] GC(219)   class space    used 660K, committed 768K, reserved 1048576K
[6,722s][debug][gc,heap] GC(220) Heap before GC invocations=219 (full 0):
[6,722s][debug][gc,heap] GC(220)  garbage-first heap   total 32768K, used 29857K [0x00000000fe000000, 0x0000000100000000)
[6,722s][debug][gc,heap] GC(220)   region size 1024K, 1 young (1024K), 0 survivors (0K)
[6,722s][debug][gc,heap] GC(220)  Metaspace       used 5861K, committed 6144K, reserved 1114112K
[6,722s][debug][gc,heap] GC(220)   class space    used 660K, committed 768K, reserved 1048576K
[6,722s][info ][gc,heap] GC(220) Eden regions: 1->0(12)
[6,722s][info ][gc,heap] GC(220) Survivor regions: 0->0(0)
[6,722s][info ][gc,heap] GC(220) Old regions: 3->3
[6,722s][info ][gc,heap] GC(220) Archive regions: 2->2
[6,722s][info ][gc,heap] GC(220) Humongous regions: 26->26
[6,722s][debug][gc,heap] GC(220) Heap after GC invocations=220 (full 0):
[6,722s][debug][gc,heap] GC(220)  garbage-first heap   total 32768K, used 29857K [0x00000000fe000000, 0x0000000100000000)
[6,722s][debug][gc,heap] GC(220)   region size 1024K, 0 young (0K), 0 survivors (0K)
[6,722s][debug][gc,heap] GC(220)  Metaspace       used 5861K, committed 6144K, reserved 1114112K
[6,722s][debug][gc,heap] GC(220)   class space    used 660K, committed 768K, reserved 1048576K
[6,722s][debug][gc,heap] GC(221) Heap before GC invocations=220 (full 0):
[6,722s][debug][gc,heap] GC(221)  garbage-first heap   total 32768K, used 29857K [0x00000000fe000000, 0x0000000100000000)
[6,722s][debug][gc,heap] GC(221)   region size 1024K, 1 young (1024K), 0 survivors (0K)
[6,722s][debug][gc,heap] GC(221)  Metaspace       used 5861K, committed 6144K, reserved 1114112K
[6,722s][debug][gc,heap] GC(221)   class space    used 660K, committed 768K, reserved 1048576K
[6,722s][info ][gc,heap] GC(221) Eden regions: 1->0(13)
[6,722s][info ][gc,heap] GC(221) Survivor regions: 0->0(0)
[6,722s][info ][gc,heap] GC(221) Old regions: 3->3
[6,722s][info ][gc,heap] GC(221) Archive regions: 2->2
[6,722s][info ][gc,heap] GC(221) Humongous regions: 26->26
[6,722s][debug][gc,heap] GC(221) Heap after GC invocations=221 (full 0):
[6,722s][debug][gc,heap] GC(221)  garbage-first heap   total 32768K, used 29857K [0x00000000fe000000, 0x0000000100000000)
[6,722s][debug][gc,heap] GC(221)   region size 1024K, 0 young (0K), 0 survivors (0K)
[6,722s][debug][gc,heap] GC(221)  Metaspace       used 5861K, committed 6144K, reserved 1114112K
[6,722s][debug][gc,heap] GC(221)   class space    used 660K, committed 768K, reserved 1048576K
[6,723s][debug][gc,heap] GC(222) Heap before GC invocations=221 (full 0):
[6,723s][debug][gc,heap] GC(222)  garbage-first heap   total 32768K, used 29857K [0x00000000fe000000, 0x0000000100000000)
[6,723s][debug][gc,heap] GC(222)   region size 1024K, 1 young (1024K), 0 survivors (0K)
[6,723s][debug][gc,heap] GC(222)  Metaspace       used 5861K, committed 6144K, reserved 1114112K
[6,723s][debug][gc,heap] GC(222)   class space    used 660K, committed 768K, reserved 1048576K
[6,723s][info ][gc,heap] GC(222) Eden regions: 1->0(11)
[6,723s][info ][gc,heap] GC(222) Survivor regions: 0->0(0)
[6,723s][info ][gc,heap] GC(222) Old regions: 3->3
[6,723s][info ][gc,heap] GC(222) Archive regions: 2->2
[6,723s][info ][gc,heap] GC(222) Humongous regions: 26->26
[6,723s][debug][gc,heap] GC(222) Heap after GC invocations=222 (full 0):
[6,723s][debug][gc,heap] GC(222)  garbage-first heap   total 32768K, used 29857K [0x00000000fe000000, 0x0000000100000000)
[6,723s][debug][gc,heap] GC(222)   region size 1024K, 0 young (0K), 0 survivors (0K)
[6,723s][debug][gc,heap] GC(222)  Metaspace       used 5861K, committed 6144K, reserved 1114112K
[6,723s][debug][gc,heap] GC(222)   class space    used 660K, committed 768K, reserved 1048576K
[6,724s][debug][gc,heap] GC(223) Heap before GC invocations=222 (full 0):
[6,724s][debug][gc,heap] GC(223)  garbage-first heap   total 32768K, used 29857K [0x00000000fe000000, 0x0000000100000000)
[6,724s][debug][gc,heap] GC(223)   region size 1024K, 1 young (1024K), 0 survivors (0K)
[6,724s][debug][gc,heap] GC(223)  Metaspace       used 5861K, committed 6144K, reserved 1114112K
[6,724s][debug][gc,heap] GC(223)   class space    used 660K, committed 768K, reserved 1048576K
[6,724s][info ][gc,heap] GC(223) Eden regions: 1->0(10)
[6,724s][info ][gc,heap] GC(223) Survivor regions: 0->0(0)
[6,724s][info ][gc,heap] GC(223) Old regions: 3->3
[6,724s][info ][gc,heap] GC(223) Archive regions: 2->2
[6,724s][info ][gc,heap] GC(223) Humongous regions: 26->26
[6,724s][debug][gc,heap] GC(223) Heap after GC invocations=223 (full 0):
[6,724s][debug][gc,heap] GC(223)  garbage-first heap   total 32768K, used 29857K [0x00000000fe000000, 0x0000000100000000)
[6,724s][debug][gc,heap] GC(223)   region size 1024K, 0 young (0K), 0 survivors (0K)
[6,724s][debug][gc,heap] GC(223)  Metaspace       used 5861K, committed 6144K, reserved 1114112K
[6,724s][debug][gc,heap] GC(223)   class space    used 660K, committed 768K, reserved 1048576K
[6,724s][debug][gc,heap] GC(224) Heap before GC invocations=223 (full 0):
[6,724s][debug][gc,heap] GC(224)  garbage-first heap   total 32768K, used 29857K [0x00000000fe000000, 0x0000000100000000)
[6,724s][debug][gc,heap] GC(224)   region size 1024K, 1 young (1024K), 0 survivors (0K)
[6,724s][debug][gc,heap] GC(224)  Metaspace       used 5861K, committed 6144K, reserved 1114112K
[6,724s][debug][gc,heap] GC(224)   class space    used 660K, committed 768K, reserved 1048576K
[6,724s][info ][gc,heap] GC(224) Eden regions: 1->0(9)
[6,724s][info ][gc,heap] GC(224) Survivor regions: 0->0(0)
[6,724s][info ][gc,heap] GC(224) Old regions: 3->3
[6,724s][info ][gc,heap] GC(224) Archive regions: 2->2
[6,724s][info ][gc,heap] GC(224) Humongous regions: 26->26
[6,724s][debug][gc,heap] GC(224) Heap after GC invocations=224 (full 0):
[6,724s][debug][gc,heap] GC(224)  garbage-first heap   total 32768K, used 29857K [0x00000000fe000000, 0x0000000100000000)
[6,724s][debug][gc,heap] GC(224)   region size 1024K, 0 young (0K), 0 survivors (0K)
[6,724s][debug][gc,heap] GC(224)  Metaspace       used 5861K, committed 6144K, reserved 1114112K
[6,724s][debug][gc,heap] GC(224)   class space    used 660K, committed 768K, reserved 1048576K
[6,724s][debug][gc,heap] GC(225) Heap before GC invocations=224 (full 0):
[6,724s][debug][gc,heap] GC(225)  garbage-first heap   total 32768K, used 29857K [0x00000000fe000000, 0x0000000100000000)
[6,724s][debug][gc,heap] GC(225)   region size 1024K, 1 young (1024K), 0 survivors (0K)
[6,724s][debug][gc,heap] GC(225)  Metaspace       used 5861K, committed 6144K, reserved 1114112K
[6,724s][debug][gc,heap] GC(225)   class space    used 660K, committed 768K, reserved 1048576K
[6,724s][info ][gc,heap] GC(225) Eden regions: 1->0(8)
[6,724s][info ][gc,heap] GC(225) Survivor regions: 0->0(0)
[6,724s][info ][gc,heap] GC(225) Old regions: 3->3
[6,724s][info ][gc,heap] GC(225) Archive regions: 2->2
[6,724s][info ][gc,heap] GC(225) Humongous regions: 26->26
[6,724s][debug][gc,heap] GC(225) Heap after GC invocations=225 (full 0):
[6,724s][debug][gc,heap] GC(225)  garbage-first heap   total 32768K, used 29857K [0x00000000fe000000, 0x0000000100000000)
[6,724s][debug][gc,heap] GC(225)   region size 1024K, 0 young (0K), 0 survivors (0K)
[6,724s][debug][gc,heap] GC(225)  Metaspace       used 5861K, committed 6144K, reserved 1114112K
[6,724s][debug][gc,heap] GC(225)   class space    used 660K, committed 768K, reserved 1048576K
[6,725s][debug][gc,heap] GC(226) Heap before GC invocations=225 (full 0):
[6,725s][debug][gc,heap] GC(226)  garbage-first heap   total 32768K, used 29857K [0x00000000fe000000, 0x0000000100000000)
[6,725s][debug][gc,heap] GC(226)   region size 1024K, 1 young (1024K), 0 survivors (0K)
[6,725s][debug][gc,heap] GC(226)  Metaspace       used 5861K, committed 6144K, reserved 1114112K
[6,725s][debug][gc,heap] GC(226)   class space    used 660K, committed 768K, reserved 1048576K
[6,725s][info ][gc,heap] GC(226) Eden regions: 1->0(7)
[6,725s][info ][gc,heap] GC(226) Survivor regions: 0->0(0)
[6,725s][info ][gc,heap] GC(226) Old regions: 3->3
[6,725s][info ][gc,heap] GC(226) Archive regions: 2->2
[6,725s][info ][gc,heap] GC(226) Humongous regions: 26->26
[6,725s][debug][gc,heap] GC(226) Heap after GC invocations=226 (full 0):
[6,725s][debug][gc,heap] GC(226)  garbage-first heap   total 32768K, used 29857K [0x00000000fe000000, 0x0000000100000000)
[6,725s][debug][gc,heap] GC(226)   region size 1024K, 0 young (0K), 0 survivors (0K)
[6,725s][debug][gc,heap] GC(226)  Metaspace       used 5861K, committed 6144K, reserved 1114112K
[6,725s][debug][gc,heap] GC(226)   class space    used 660K, committed 768K, reserved 1048576K
[6,725s][debug][gc,heap] GC(227) Heap before GC invocations=226 (full 0):
[6,725s][debug][gc,heap] GC(227)  garbage-first heap   total 32768K, used 29857K [0x00000000fe000000, 0x0000000100000000)
[6,725s][debug][gc,heap] GC(227)   region size 1024K, 1 young (1024K), 0 survivors (0K)
[6,725s][debug][gc,heap] GC(227)  Metaspace       used 5861K, committed 6144K, reserved 1114112K
[6,725s][debug][gc,heap] GC(227)   class space    used 660K, committed 768K, reserved 1048576K
[6,725s][info ][gc,heap] GC(227) Eden regions: 1->0(10)
[6,725s][info ][gc,heap] GC(227) Survivor regions: 0->0(0)
[6,725s][info ][gc,heap] GC(227) Old regions: 3->3
[6,725s][info ][gc,heap] GC(227) Archive regions: 2->2
[6,725s][info ][gc,heap] GC(227) Humongous regions: 26->26
[6,725s][debug][gc,heap] GC(227) Heap after GC invocations=227 (full 0):
[6,725s][debug][gc,heap] GC(227)  garbage-first heap   total 32768K, used 29857K [0x00000000fe000000, 0x0000000100000000)
[6,725s][debug][gc,heap] GC(227)   region size 1024K, 0 young (0K), 0 survivors (0K)
[6,725s][debug][gc,heap] GC(227)  Metaspace       used 5861K, committed 6144K, reserved 1114112K
[6,725s][debug][gc,heap] GC(227)   class space    used 660K, committed 768K, reserved 1048576K
[6,725s][debug][gc,heap] GC(228) Heap before GC invocations=228 (full 0):
[6,725s][debug][gc,heap] GC(228)  garbage-first heap   total 32768K, used 29857K [0x00000000fe000000, 0x0000000100000000)
[6,725s][debug][gc,heap] GC(228)   region size 1024K, 1 young (1024K), 0 survivors (0K)
[6,725s][debug][gc,heap] GC(228)  Metaspace       used 5861K, committed 6144K, reserved 1114112K
[6,725s][debug][gc,heap] GC(228)   class space    used 660K, committed 768K, reserved 1048576K
[6,725s][info ][gc,heap] GC(228) Eden regions: 1->0(10)
[6,725s][info ][gc,heap] GC(228) Survivor regions: 0->0(0)
[6,725s][info ][gc,heap] GC(228) Old regions: 3->3
[6,725s][info ][gc,heap] GC(228) Archive regions: 2->2
[6,725s][info ][gc,heap] GC(228) Humongous regions: 26->26
[6,725s][debug][gc,heap] GC(228) Heap after GC invocations=229 (full 0):
[6,725s][debug][gc,heap] GC(228)  garbage-first heap   total 32768K, used 29857K [0x00000000fe000000, 0x0000000100000000)
[6,725s][debug][gc,heap] GC(228)   region size 1024K, 0 young (0K), 0 survivors (0K)
[6,725s][debug][gc,heap] GC(228)  Metaspace       used 5861K, committed 6144K, reserved 1114112K
[6,725s][debug][gc,heap] GC(228)   class space    used 660K, committed 768K, reserved 1048576K
[6,725s][debug][gc,heap] GC(229) Heap before GC invocations=229 (full 0):
[6,725s][debug][gc,heap] GC(229)  garbage-first heap   total 32768K, used 29857K [0x00000000fe000000, 0x0000000100000000)
[6,725s][debug][gc,heap] GC(229)   region size 1024K, 1 young (1024K), 0 survivors (0K)
[6,725s][debug][gc,heap] GC(229)  Metaspace       used 5861K, committed 6144K, reserved 1114112K
[6,725s][debug][gc,heap] GC(229)   class space    used 660K, committed 768K, reserved 1048576K
[6,725s][info ][gc,heap] GC(229) Eden regions: 1->0(12)
[6,725s][info ][gc,heap] GC(229) Survivor regions: 0->0(0)
[6,725s][info ][gc,heap] GC(229) Old regions: 3->3
[6,725s][info ][gc,heap] GC(229) Archive regions: 2->2
[6,725s][info ][gc,heap] GC(229) Humongous regions: 26->26
[6,725s][debug][gc,heap] GC(229) Heap after GC invocations=230 (full 0):
[6,725s][debug][gc,heap] GC(229)  garbage-first heap   total 32768K, used 29857K [0x00000000fe000000, 0x0000000100000000)
[6,725s][debug][gc,heap] GC(229)   region size 1024K, 0 young (0K), 0 survivors (0K)
[6,725s][debug][gc,heap] GC(229)  Metaspace       used 5861K, committed 6144K, reserved 1114112K
[6,725s][debug][gc,heap] GC(229)   class space    used 660K, committed 768K, reserved 1048576K
[6,725s][debug][gc,heap] GC(230) Heap before GC invocations=230 (full 0):
[6,725s][debug][gc,heap] GC(230)  garbage-first heap   total 32768K, used 29857K [0x00000000fe000000, 0x0000000100000000)
[6,725s][debug][gc,heap] GC(230)   region size 1024K, 1 young (1024K), 0 survivors (0K)
[6,725s][debug][gc,heap] GC(230)  Metaspace       used 5861K, committed 6144K, reserved 1114112K
[6,725s][debug][gc,heap] GC(230)   class space    used 660K, committed 768K, reserved 1048576K
[6,726s][info ][gc,heap] GC(230) Eden regions: 1->0(12)
[6,726s][info ][gc,heap] GC(230) Survivor regions: 0->0(0)
[6,726s][info ][gc,heap] GC(230) Old regions: 3->3
[6,726s][info ][gc,heap] GC(230) Archive regions: 2->2
[6,726s][info ][gc,heap] GC(230) Humongous regions: 26->26
[6,726s][debug][gc,heap] GC(230) Heap after GC invocations=231 (full 0):
[6,726s][debug][gc,heap] GC(230)  garbage-first heap   total 32768K, used 29857K [0x00000000fe000000, 0x0000000100000000)
[6,726s][debug][gc,heap] GC(230)   region size 1024K, 0 young (0K), 0 survivors (0K)
[6,726s][debug][gc,heap] GC(230)  Metaspace       used 5861K, committed 6144K, reserved 1114112K
[6,726s][debug][gc,heap] GC(230)   class space    used 660K, committed 768K, reserved 1048576K
[6,726s][debug][gc,heap] GC(232) Heap before GC invocations=231 (full 0):
[6,726s][debug][gc,heap] GC(232)  garbage-first heap   total 32768K, used 29857K [0x00000000fe000000, 0x0000000100000000)
[6,726s][debug][gc,heap] GC(232)   region size 1024K, 1 young (1024K), 0 survivors (0K)
[6,726s][debug][gc,heap] GC(232)  Metaspace       used 5861K, committed 6144K, reserved 1114112K
[6,726s][debug][gc,heap] GC(232)   class space    used 660K, committed 768K, reserved 1048576K
[6,726s][info ][gc,heap] GC(232) Eden regions: 1->0(11)
[6,726s][info ][gc,heap] GC(232) Survivor regions: 0->0(0)
[6,726s][info ][gc,heap] GC(232) Old regions: 3->3
[6,726s][info ][gc,heap] GC(232) Archive regions: 2->2
[6,726s][info ][gc,heap] GC(232) Humongous regions: 26->26
[6,726s][debug][gc,heap] GC(232) Heap after GC invocations=232 (full 0):
[6,726s][debug][gc,heap] GC(232)  garbage-first heap   total 32768K, used 29857K [0x00000000fe000000, 0x0000000100000000)
[6,726s][debug][gc,heap] GC(232)   region size 1024K, 0 young (0K), 0 survivors (0K)
[6,726s][debug][gc,heap] GC(232)  Metaspace       used 5861K, committed 6144K, reserved 1114112K
[6,726s][debug][gc,heap] GC(232)   class space    used 660K, committed 768K, reserved 1048576K
[6,726s][debug][gc,heap] GC(233) Heap before GC invocations=232 (full 0):
[6,726s][debug][gc,heap] GC(233)  garbage-first heap   total 32768K, used 29857K [0x00000000fe000000, 0x0000000100000000)
[6,726s][debug][gc,heap] GC(233)   region size 1024K, 1 young (1024K), 0 survivors (0K)
[6,726s][debug][gc,heap] GC(233)  Metaspace       used 5861K, committed 6144K, reserved 1114112K
[6,726s][debug][gc,heap] GC(233)   class space    used 660K, committed 768K, reserved 1048576K
[6,726s][info ][gc,heap] GC(233) Eden regions: 1->0(12)
[6,726s][info ][gc,heap] GC(233) Survivor regions: 0->0(0)
[6,726s][info ][gc,heap] GC(233) Old regions: 3->3
[6,726s][info ][gc,heap] GC(233) Archive regions: 2->2
[6,726s][info ][gc,heap] GC(233) Humongous regions: 26->26
[6,726s][debug][gc,heap] GC(233) Heap after GC invocations=233 (full 0):
[6,726s][debug][gc,heap] GC(233)  garbage-first heap   total 32768K, used 29857K [0x00000000fe000000, 0x0000000100000000)
[6,726s][debug][gc,heap] GC(233)   region size 1024K, 0 young (0K), 0 survivors (0K)
[6,726s][debug][gc,heap] GC(233)  Metaspace       used 5861K, committed 6144K, reserved 1114112K
[6,726s][debug][gc,heap] GC(233)   class space    used 660K, committed 768K, reserved 1048576K
[6,726s][debug][gc,heap] GC(234) Heap before GC invocations=233 (full 0):
[6,726s][debug][gc,heap] GC(234)  garbage-first heap   total 32768K, used 29857K [0x00000000fe000000, 0x0000000100000000)
[6,726s][debug][gc,heap] GC(234)   region size 1024K, 1 young (1024K), 0 survivors (0K)
[6,726s][debug][gc,heap] GC(234)  Metaspace       used 5861K, committed 6144K, reserved 1114112K
[6,726s][debug][gc,heap] GC(234)   class space    used 660K, committed 768K, reserved 1048576K
[6,726s][info ][gc,heap] GC(234) Eden regions: 1->0(11)
[6,726s][info ][gc,heap] GC(234) Survivor regions: 0->0(0)
[6,726s][info ][gc,heap] GC(234) Old regions: 3->3
[6,726s][info ][gc,heap] GC(234) Archive regions: 2->2
[6,726s][info ][gc,heap] GC(234) Humongous regions: 26->26
[6,726s][debug][gc,heap] GC(234) Heap after GC invocations=234 (full 0):
[6,726s][debug][gc,heap] GC(234)  garbage-first heap   total 32768K, used 29857K [0x00000000fe000000, 0x0000000100000000)
[6,726s][debug][gc,heap] GC(234)   region size 1024K, 0 young (0K), 0 survivors (0K)
[6,726s][debug][gc,heap] GC(234)  Metaspace       used 5861K, committed 6144K, reserved 1114112K
[6,726s][debug][gc,heap] GC(234)   class space    used 660K, committed 768K, reserved 1048576K
[6,726s][debug][gc,heap] GC(235) Heap before GC invocations=234 (full 0):
[6,726s][debug][gc,heap] GC(235)  garbage-first heap   total 32768K, used 29857K [0x00000000fe000000, 0x0000000100000000)
[6,726s][debug][gc,heap] GC(235)   region size 1024K, 1 young (1024K), 0 survivors (0K)
[6,726s][debug][gc,heap] GC(235)  Metaspace       used 5861K, committed 6144K, reserved 1114112K
[6,726s][debug][gc,heap] GC(235)   class space    used 660K, committed 768K, reserved 1048576K
[6,726s][info ][gc,heap] GC(235) Eden regions: 1->0(12)
[6,726s][info ][gc,heap] GC(235) Survivor regions: 0->0(0)
[6,726s][info ][gc,heap] GC(235) Old regions: 3->3
[6,726s][info ][gc,heap] GC(235) Archive regions: 2->2
[6,726s][info ][gc,heap] GC(235) Humongous regions: 26->26
[6,726s][debug][gc,heap] GC(235) Heap after GC invocations=235 (full 0):
[6,726s][debug][gc,heap] GC(235)  garbage-first heap   total 32768K, used 29857K [0x00000000fe000000, 0x0000000100000000)
[6,726s][debug][gc,heap] GC(235)   region size 1024K, 0 young (0K), 0 survivors (0K)
[6,726s][debug][gc,heap] GC(235)  Metaspace       used 5861K, committed 6144K, reserved 1114112K
[6,726s][debug][gc,heap] GC(235)   class space    used 660K, committed 768K, reserved 1048576K
[6,726s][debug][gc,heap] GC(236) Heap before GC invocations=235 (full 0):
[6,726s][debug][gc,heap] GC(236)  garbage-first heap   total 32768K, used 29857K [0x00000000fe000000, 0x0000000100000000)
[6,726s][debug][gc,heap] GC(236)   region size 1024K, 1 young (1024K), 0 survivors (0K)
[6,726s][debug][gc,heap] GC(236)  Metaspace       used 5861K, committed 6144K, reserved 1114112K
[6,726s][debug][gc,heap] GC(236)   class space    used 660K, committed 768K, reserved 1048576K
[6,726s][info ][gc,heap] GC(236) Eden regions: 1->0(12)
[6,726s][info ][gc,heap] GC(236) Survivor regions: 0->0(0)
[6,726s][info ][gc,heap] GC(236) Old regions: 3->3
[6,726s][info ][gc,heap] GC(236) Archive regions: 2->2
[6,726s][info ][gc,heap] GC(236) Humongous regions: 26->26
[6,726s][debug][gc,heap] GC(236) Heap after GC invocations=236 (full 0):
[6,726s][debug][gc,heap] GC(236)  garbage-first heap   total 32768K, used 29857K [0x00000000fe000000, 0x0000000100000000)
[6,726s][debug][gc,heap] GC(236)   region size 1024K, 0 young (0K), 0 survivors (0K)
[6,726s][debug][gc,heap] GC(236)  Metaspace       used 5861K, committed 6144K, reserved 1114112K
[6,726s][debug][gc,heap] GC(236)   class space    used 660K, committed 768K, reserved 1048576K
[6,726s][debug][gc,heap] GC(237) Heap before GC invocations=236 (full 0):
[6,726s][debug][gc,heap] GC(237)  garbage-first heap   total 32768K, used 29857K [0x00000000fe000000, 0x0000000100000000)
[6,726s][debug][gc,heap] GC(237)   region size 1024K, 1 young (1024K), 0 survivors (0K)
[6,726s][debug][gc,heap] GC(237)  Metaspace       used 5861K, committed 6144K, reserved 1114112K
[6,726s][debug][gc,heap] GC(237)   class space    used 660K, committed 768K, reserved 1048576K
[6,727s][info ][gc,heap] GC(237) Eden regions: 1->0(12)
[6,727s][info ][gc,heap] GC(237) Survivor regions: 0->0(0)
[6,727s][info ][gc,heap] GC(237) Old regions: 3->3
[6,727s][info ][gc,heap] GC(237) Archive regions: 2->2
[6,727s][info ][gc,heap] GC(237) Humongous regions: 26->26
[6,727s][debug][gc,heap] GC(237) Heap after GC invocations=237 (full 0):
[6,727s][debug][gc,heap] GC(237)  garbage-first heap   total 32768K, used 29857K [0x00000000fe000000, 0x0000000100000000)
[6,727s][debug][gc,heap] GC(237)   region size 1024K, 0 young (0K), 0 survivors (0K)
[6,727s][debug][gc,heap] GC(237)  Metaspace       used 5861K, committed 6144K, reserved 1114112K
[6,727s][debug][gc,heap] GC(237)   class space    used 660K, committed 768K, reserved 1048576K
[6,727s][debug][gc,heap] GC(238) Heap before GC invocations=237 (full 0):
[6,727s][debug][gc,heap] GC(238)  garbage-first heap   total 32768K, used 29857K [0x00000000fe000000, 0x0000000100000000)
[6,727s][debug][gc,heap] GC(238)   region size 1024K, 1 young (1024K), 0 survivors (0K)
[6,727s][debug][gc,heap] GC(238)  Metaspace       used 5861K, committed 6144K, reserved 1114112K
[6,727s][debug][gc,heap] GC(238)   class space    used 660K, committed 768K, reserved 1048576K
[6,727s][info ][gc,heap] GC(238) Eden regions: 1->0(12)
[6,727s][info ][gc,heap] GC(238) Survivor regions: 0->0(0)
[6,727s][info ][gc,heap] GC(238) Old regions: 3->3
[6,727s][info ][gc,heap] GC(238) Archive regions: 2->2
[6,727s][info ][gc,heap] GC(238) Humongous regions: 26->26
[6,727s][debug][gc,heap] GC(238) Heap after GC invocations=238 (full 0):
[6,727s][debug][gc,heap] GC(238)  garbage-first heap   total 32768K, used 29857K [0x00000000fe000000, 0x0000000100000000)
[6,727s][debug][gc,heap] GC(238)   region size 1024K, 0 young (0K), 0 survivors (0K)
[6,727s][debug][gc,heap] GC(238)  Metaspace       used 5861K, committed 6144K, reserved 1114112K
[6,727s][debug][gc,heap] GC(238)   class space    used 660K, committed 768K, reserved 1048576K
[6,727s][debug][gc,heap] GC(239) Heap before GC invocations=238 (full 0):
[6,727s][debug][gc,heap] GC(239)  garbage-first heap   total 32768K, used 29857K [0x00000000fe000000, 0x0000000100000000)
[6,727s][debug][gc,heap] GC(239)   region size 1024K, 1 young (1024K), 0 survivors (0K)
[6,727s][debug][gc,heap] GC(239)  Metaspace       used 5861K, committed 6144K, reserved 1114112K
[6,727s][debug][gc,heap] GC(239)   class space    used 660K, committed 768K, reserved 1048576K
[6,727s][info ][gc,heap] GC(239) Eden regions: 1->0(12)
[6,727s][info ][gc,heap] GC(239) Survivor regions: 0->0(0)
[6,727s][info ][gc,heap] GC(239) Old regions: 3->3
[6,727s][info ][gc,heap] GC(239) Archive regions: 2->2
[6,727s][info ][gc,heap] GC(239) Humongous regions: 26->26
[6,727s][debug][gc,heap] GC(239) Heap after GC invocations=239 (full 0):
[6,727s][debug][gc,heap] GC(239)  garbage-first heap   total 32768K, used 29857K [0x00000000fe000000, 0x0000000100000000)
[6,727s][debug][gc,heap] GC(239)   region size 1024K, 0 young (0K), 0 survivors (0K)
[6,727s][debug][gc,heap] GC(239)  Metaspace       used 5861K, committed 6144K, reserved 1114112K
[6,727s][debug][gc,heap] GC(239)   class space    used 660K, committed 768K, reserved 1048576K
[6,727s][debug][gc,heap] GC(240) Heap before GC invocations=239 (full 0):
[6,727s][debug][gc,heap] GC(240)  garbage-first heap   total 32768K, used 29857K [0x00000000fe000000, 0x0000000100000000)
[6,727s][debug][gc,heap] GC(240)   region size 1024K, 1 young (1024K), 0 survivors (0K)
[6,727s][debug][gc,heap] GC(240)  Metaspace       used 5861K, committed 6144K, reserved 1114112K
[6,727s][debug][gc,heap] GC(240)   class space    used 660K, committed 768K, reserved 1048576K
[6,727s][info ][gc,heap] GC(240) Eden regions: 1->0(12)
[6,727s][info ][gc,heap] GC(240) Survivor regions: 0->0(0)
[6,727s][info ][gc,heap] GC(240) Old regions: 3->3
[6,727s][info ][gc,heap] GC(240) Archive regions: 2->2
[6,727s][info ][gc,heap] GC(240) Humongous regions: 26->26
[6,727s][debug][gc,heap] GC(240) Heap after GC invocations=240 (full 0):
[6,727s][debug][gc,heap] GC(240)  garbage-first heap   total 32768K, used 29857K [0x00000000fe000000, 0x0000000100000000)
[6,727s][debug][gc,heap] GC(240)   region size 1024K, 0 young (0K), 0 survivors (0K)
[6,727s][debug][gc,heap] GC(240)  Metaspace       used 5861K, committed 6144K, reserved 1114112K
[6,727s][debug][gc,heap] GC(240)   class space    used 660K, committed 768K, reserved 1048576K
[6,727s][debug][gc,heap] GC(241) Heap before GC invocations=240 (full 0):
[6,727s][debug][gc,heap] GC(241)  garbage-first heap   total 32768K, used 29857K [0x00000000fe000000, 0x0000000100000000)
[6,727s][debug][gc,heap] GC(241)   region size 1024K, 1 young (1024K), 0 survivors (0K)
[6,727s][debug][gc,heap] GC(241)  Metaspace       used 5861K, committed 6144K, reserved 1114112K
[6,727s][debug][gc,heap] GC(241)   class space    used 660K, committed 768K, reserved 1048576K
[6,727s][info ][gc,heap] GC(241) Eden regions: 1->0(12)
[6,727s][info ][gc,heap] GC(241) Survivor regions: 0->0(0)
[6,727s][info ][gc,heap] GC(241) Old regions: 3->3
[6,727s][info ][gc,heap] GC(241) Archive regions: 2->2
[6,727s][info ][gc,heap] GC(241) Humongous regions: 26->26
[6,727s][debug][gc,heap] GC(241) Heap after GC invocations=241 (full 0):
[6,727s][debug][gc,heap] GC(241)  garbage-first heap   total 32768K, used 29857K [0x00000000fe000000, 0x0000000100000000)
[6,727s][debug][gc,heap] GC(241)   region size 1024K, 0 young (0K), 0 survivors (0K)
[6,727s][debug][gc,heap] GC(241)  Metaspace       used 5861K, committed 6144K, reserved 1114112K
[6,727s][debug][gc,heap] GC(241)   class space    used 660K, committed 768K, reserved 1048576K
[6,727s][debug][gc,heap] GC(242) Heap before GC invocations=241 (full 0):
[6,727s][debug][gc,heap] GC(242)  garbage-first heap   total 32768K, used 29857K [0x00000000fe000000, 0x0000000100000000)
[6,727s][debug][gc,heap] GC(242)   region size 1024K, 1 young (1024K), 0 survivors (0K)
[6,727s][debug][gc,heap] GC(242)  Metaspace       used 5861K, committed 6144K, reserved 1114112K
[6,727s][debug][gc,heap] GC(242)   class space    used 660K, committed 768K, reserved 1048576K
[6,727s][info ][gc,heap] GC(242) Eden regions: 1->0(13)
[6,727s][info ][gc,heap] GC(242) Survivor regions: 0->0(0)
[6,727s][info ][gc,heap] GC(242) Old regions: 3->3
[6,727s][info ][gc,heap] GC(242) Archive regions: 2->2
[6,727s][info ][gc,heap] GC(242) Humongous regions: 26->26
[6,727s][debug][gc,heap] GC(242) Heap after GC invocations=242 (full 0):
[6,727s][debug][gc,heap] GC(242)  garbage-first heap   total 32768K, used 29857K [0x00000000fe000000, 0x0000000100000000)
[6,727s][debug][gc,heap] GC(242)   region size 1024K, 0 young (0K), 0 survivors (0K)
[6,727s][debug][gc,heap] GC(242)  Metaspace       used 5861K, committed 6144K, reserved 1114112K
[6,727s][debug][gc,heap] GC(242)   class space    used 660K, committed 768K, reserved 1048576K
[6,727s][debug][gc,heap] GC(243) Heap before GC invocations=242 (full 0):
[6,727s][debug][gc,heap] GC(243)  garbage-first heap   total 32768K, used 29857K [0x00000000fe000000, 0x0000000100000000)
[6,727s][debug][gc,heap] GC(243)   region size 1024K, 1 young (1024K), 0 survivors (0K)
[6,727s][debug][gc,heap] GC(243)  Metaspace       used 5861K, committed 6144K, reserved 1114112K
[6,727s][debug][gc,heap] GC(243)   class space    used 660K, committed 768K, reserved 1048576K
[6,727s][info ][gc,heap] GC(243) Eden regions: 1->0(13)
[6,727s][info ][gc,heap] GC(243) Survivor regions: 0->0(0)
[6,728s][info ][gc,heap] GC(243) Old regions: 3->3
[6,728s][info ][gc,heap] GC(243) Archive regions: 2->2
[6,728s][info ][gc,heap] GC(243) Humongous regions: 26->26
[6,728s][debug][gc,heap] GC(243) Heap after GC invocations=243 (full 0):
[6,728s][debug][gc,heap] GC(243)  garbage-first heap   total 32768K, used 29857K [0x00000000fe000000, 0x0000000100000000)
[6,728s][debug][gc,heap] GC(243)   region size 1024K, 0 young (0K), 0 survivors (0K)
[6,728s][debug][gc,heap] GC(243)  Metaspace       used 5861K, committed 6144K, reserved 1114112K
[6,728s][debug][gc,heap] GC(243)   class space    used 660K, committed 768K, reserved 1048576K
[6,728s][debug][gc,heap] GC(244) Heap before GC invocations=243 (full 0):
[6,728s][debug][gc,heap] GC(244)  garbage-first heap   total 32768K, used 29857K [0x00000000fe000000, 0x0000000100000000)
[6,728s][debug][gc,heap] GC(244)   region size 1024K, 1 young (1024K), 0 survivors (0K)
[6,728s][debug][gc,heap] GC(244)  Metaspace       used 5861K, committed 6144K, reserved 1114112K
[6,728s][debug][gc,heap] GC(244)   class space    used 660K, committed 768K, reserved 1048576K
[6,728s][info ][gc,heap] GC(244) Eden regions: 1->0(13)
[6,728s][info ][gc,heap] GC(244) Survivor regions: 0->0(0)
[6,728s][info ][gc,heap] GC(244) Old regions: 3->3
[6,728s][info ][gc,heap] GC(244) Archive regions: 2->2
[6,728s][info ][gc,heap] GC(244) Humongous regions: 26->26
[6,728s][debug][gc,heap] GC(244) Heap after GC invocations=244 (full 0):
[6,728s][debug][gc,heap] GC(244)  garbage-first heap   total 32768K, used 29857K [0x00000000fe000000, 0x0000000100000000)
[6,728s][debug][gc,heap] GC(244)   region size 1024K, 0 young (0K), 0 survivors (0K)
[6,728s][debug][gc,heap] GC(244)  Metaspace       used 5861K, committed 6144K, reserved 1114112K
[6,728s][debug][gc,heap] GC(244)   class space    used 660K, committed 768K, reserved 1048576K
[6,728s][debug][gc,heap] GC(245) Heap before GC invocations=244 (full 0):
[6,728s][debug][gc,heap] GC(245)  garbage-first heap   total 32768K, used 29857K [0x00000000fe000000, 0x0000000100000000)
[6,728s][debug][gc,heap] GC(245)   region size 1024K, 1 young (1024K), 0 survivors (0K)
[6,728s][debug][gc,heap] GC(245)  Metaspace       used 5861K, committed 6144K, reserved 1114112K
[6,728s][debug][gc,heap] GC(245)   class space    used 660K, committed 768K, reserved 1048576K
[6,728s][info ][gc,heap] GC(245) Eden regions: 1->0(13)
[6,728s][info ][gc,heap] GC(245) Survivor regions: 0->0(0)
[6,728s][info ][gc,heap] GC(245) Old regions: 3->3
[6,728s][info ][gc,heap] GC(245) Archive regions: 2->2
[6,728s][info ][gc,heap] GC(245) Humongous regions: 26->26
[6,728s][debug][gc,heap] GC(245) Heap after GC invocations=245 (full 0):
[6,728s][debug][gc,heap] GC(245)  garbage-first heap   total 32768K, used 29857K [0x00000000fe000000, 0x0000000100000000)
[6,728s][debug][gc,heap] GC(245)   region size 1024K, 0 young (0K), 0 survivors (0K)
[6,728s][debug][gc,heap] GC(245)  Metaspace       used 5861K, committed 6144K, reserved 1114112K
[6,728s][debug][gc,heap] GC(245)   class space    used 660K, committed 768K, reserved 1048576K
[6,728s][debug][gc,heap] GC(246) Heap before GC invocations=245 (full 0):
[6,728s][debug][gc,heap] GC(246)  garbage-first heap   total 32768K, used 29857K [0x00000000fe000000, 0x0000000100000000)
[6,728s][debug][gc,heap] GC(246)   region size 1024K, 1 young (1024K), 0 survivors (0K)
[6,728s][debug][gc,heap] GC(246)  Metaspace       used 5861K, committed 6144K, reserved 1114112K
[6,728s][debug][gc,heap] GC(246)   class space    used 660K, committed 768K, reserved 1048576K
[6,728s][info ][gc,heap] GC(246) Eden regions: 1->0(13)
[6,728s][info ][gc,heap] GC(246) Survivor regions: 0->0(0)
[6,728s][info ][gc,heap] GC(246) Old regions: 3->3
[6,728s][info ][gc,heap] GC(246) Archive regions: 2->2
[6,728s][info ][gc,heap] GC(246) Humongous regions: 26->26
[6,728s][debug][gc,heap] GC(246) Heap after GC invocations=246 (full 0):
[6,728s][debug][gc,heap] GC(246)  garbage-first heap   total 32768K, used 29857K [0x00000000fe000000, 0x0000000100000000)
[6,728s][debug][gc,heap] GC(246)   region size 1024K, 0 young (0K), 0 survivors (0K)
[6,728s][debug][gc,heap] GC(246)  Metaspace       used 5861K, committed 6144K, reserved 1114112K
[6,728s][debug][gc,heap] GC(246)   class space    used 660K, committed 768K, reserved 1048576K
[6,728s][debug][gc,heap] GC(247) Heap before GC invocations=246 (full 0):
[6,728s][debug][gc,heap] GC(247)  garbage-first heap   total 32768K, used 29857K [0x00000000fe000000, 0x0000000100000000)
[6,728s][debug][gc,heap] GC(247)   region size 1024K, 1 young (1024K), 0 survivors (0K)
[6,728s][debug][gc,heap] GC(247)  Metaspace       used 5861K, committed 6144K, reserved 1114112K
[6,728s][debug][gc,heap] GC(247)   class space    used 660K, committed 768K, reserved 1048576K
[6,728s][info ][gc,heap] GC(247) Eden regions: 1->0(13)
[6,728s][info ][gc,heap] GC(247) Survivor regions: 0->0(0)
[6,728s][info ][gc,heap] GC(247) Old regions: 3->3
[6,728s][info ][gc,heap] GC(247) Archive regions: 2->2
[6,728s][info ][gc,heap] GC(247) Humongous regions: 26->26
[6,728s][debug][gc,heap] GC(247) Heap after GC invocations=247 (full 0):
[6,728s][debug][gc,heap] GC(247)  garbage-first heap   total 32768K, used 29857K [0x00000000fe000000, 0x0000000100000000)
[6,728s][debug][gc,heap] GC(247)   region size 1024K, 0 young (0K), 0 survivors (0K)
[6,728s][debug][gc,heap] GC(247)  Metaspace       used 5861K, committed 6144K, reserved 1114112K
[6,728s][debug][gc,heap] GC(247)   class space    used 660K, committed 768K, reserved 1048576K
[6,728s][debug][gc,heap] GC(248) Heap before GC invocations=247 (full 0):
[6,728s][debug][gc,heap] GC(248)  garbage-first heap   total 32768K, used 29857K [0x00000000fe000000, 0x0000000100000000)
[6,728s][debug][gc,heap] GC(248)   region size 1024K, 1 young (1024K), 0 survivors (0K)
[6,728s][debug][gc,heap] GC(248)  Metaspace       used 5861K, committed 6144K, reserved 1114112K
[6,728s][debug][gc,heap] GC(248)   class space    used 660K, committed 768K, reserved 1048576K
[6,728s][info ][gc,heap] GC(248) Eden regions: 1->0(12)
[6,728s][info ][gc,heap] GC(248) Survivor regions: 0->0(0)
[6,728s][info ][gc,heap] GC(248) Old regions: 3->3
[6,728s][info ][gc,heap] GC(248) Archive regions: 2->2
[6,728s][info ][gc,heap] GC(248) Humongous regions: 26->26
[6,728s][debug][gc,heap] GC(248) Heap after GC invocations=248 (full 0):
[6,728s][debug][gc,heap] GC(248)  garbage-first heap   total 32768K, used 29857K [0x00000000fe000000, 0x0000000100000000)
[6,728s][debug][gc,heap] GC(248)   region size 1024K, 0 young (0K), 0 survivors (0K)
[6,728s][debug][gc,heap] GC(248)  Metaspace       used 5861K, committed 6144K, reserved 1114112K
[6,728s][debug][gc,heap] GC(248)   class space    used 660K, committed 768K, reserved 1048576K
[6,728s][debug][gc,heap] GC(249) Heap before GC invocations=248 (full 0):
[6,728s][debug][gc,heap] GC(249)  garbage-first heap   total 32768K, used 29857K [0x00000000fe000000, 0x0000000100000000)
[6,728s][debug][gc,heap] GC(249)   region size 1024K, 1 young (1024K), 0 survivors (0K)
[6,728s][debug][gc,heap] GC(249)  Metaspace       used 5861K, committed 6144K, reserved 1114112K
[6,728s][debug][gc,heap] GC(249)   class space    used 660K, committed 768K, reserved 1048576K
[6,728s][info ][gc,heap] GC(249) Eden regions: 1->0(12)
[6,728s][info ][gc,heap] GC(249) Survivor regions: 0->0(0)
[6,728s][info ][gc,heap] GC(249) Old regions: 3->3
[6,728s][info ][gc,heap] GC(249) Archive regions: 2->2
[6,728s][info ][gc,heap] GC(249) Humongous regions: 26->26
[6,728s][debug][gc,heap] GC(249) Heap after GC invocations=249 (full 0):
[6,728s][debug][gc,heap] GC(249)  garbage-first heap   total 32768K, used 29857K [0x00000000fe000000, 0x0000000100000000)
[6,728s][debug][gc,heap] GC(249)   region size 1024K, 0 young (0K), 0 survivors (0K)
[6,728s][debug][gc,heap] GC(249)  Metaspace       used 5861K, committed 6144K, reserved 1114112K
[6,728s][debug][gc,heap] GC(249)   class space    used 660K, committed 768K, reserved 1048576K
[6,729s][debug][gc,heap] GC(250) Heap before GC invocations=249 (full 0):
[6,729s][debug][gc,heap] GC(250)  garbage-first heap   total 32768K, used 29857K [0x00000000fe000000, 0x0000000100000000)
[6,729s][debug][gc,heap] GC(250)   region size 1024K, 1 young (1024K), 0 survivors (0K)
[6,729s][debug][gc,heap] GC(250)  Metaspace       used 5861K, committed 6144K, reserved 1114112K
[6,729s][debug][gc,heap] GC(250)   class space    used 660K, committed 768K, reserved 1048576K
[6,729s][info ][gc,heap] GC(250) Eden regions: 1->0(12)
[6,729s][info ][gc,heap] GC(250) Survivor regions: 0->0(0)
[6,729s][info ][gc,heap] GC(250) Old regions: 3->3
[6,729s][info ][gc,heap] GC(250) Archive regions: 2->2
[6,729s][info ][gc,heap] GC(250) Humongous regions: 26->26
[6,729s][debug][gc,heap] GC(250) Heap after GC invocations=250 (full 0):
[6,729s][debug][gc,heap] GC(250)  garbage-first heap   total 32768K, used 29857K [0x00000000fe000000, 0x0000000100000000)
[6,729s][debug][gc,heap] GC(250)   region size 1024K, 0 young (0K), 0 survivors (0K)
[6,729s][debug][gc,heap] GC(250)  Metaspace       used 5861K, committed 6144K, reserved 1114112K
[6,729s][debug][gc,heap] GC(250)   class space    used 660K, committed 768K, reserved 1048576K
[6,729s][debug][gc,heap] GC(251) Heap before GC invocations=250 (full 0):
[6,729s][debug][gc,heap] GC(251)  garbage-first heap   total 32768K, used 29857K [0x00000000fe000000, 0x0000000100000000)
[6,729s][debug][gc,heap] GC(251)   region size 1024K, 1 young (1024K), 0 survivors (0K)
[6,729s][debug][gc,heap] GC(251)  Metaspace       used 5861K, committed 6144K, reserved 1114112K
[6,729s][debug][gc,heap] GC(251)   class space    used 660K, committed 768K, reserved 1048576K
[6,729s][info ][gc,heap] GC(251) Eden regions: 1->0(12)
[6,729s][info ][gc,heap] GC(251) Survivor regions: 0->0(0)
[6,729s][info ][gc,heap] GC(251) Old regions: 3->3
[6,729s][info ][gc,heap] GC(251) Archive regions: 2->2
[6,729s][info ][gc,heap] GC(251) Humongous regions: 26->26
[6,729s][debug][gc,heap] GC(251) Heap after GC invocations=251 (full 0):
[6,729s][debug][gc,heap] GC(251)  garbage-first heap   total 32768K, used 29857K [0x00000000fe000000, 0x0000000100000000)
[6,729s][debug][gc,heap] GC(251)   region size 1024K, 0 young (0K), 0 survivors (0K)
[6,729s][debug][gc,heap] GC(251)  Metaspace       used 5861K, committed 6144K, reserved 1114112K
[6,729s][debug][gc,heap] GC(251)   class space    used 660K, committed 768K, reserved 1048576K
[6,729s][debug][gc,heap] GC(252) Heap before GC invocations=251 (full 0):
[6,729s][debug][gc,heap] GC(252)  garbage-first heap   total 32768K, used 29857K [0x00000000fe000000, 0x0000000100000000)
[6,729s][debug][gc,heap] GC(252)   region size 1024K, 1 young (1024K), 0 survivors (0K)
[6,729s][debug][gc,heap] GC(252)  Metaspace       used 5861K, committed 6144K, reserved 1114112K
[6,729s][debug][gc,heap] GC(252)   class space    used 660K, committed 768K, reserved 1048576K
[6,729s][info ][gc,heap] GC(252) Eden regions: 1->0(12)
[6,729s][info ][gc,heap] GC(252) Survivor regions: 0->0(0)
[6,729s][info ][gc,heap] GC(252) Old regions: 3->3
[6,729s][info ][gc,heap] GC(252) Archive regions: 2->2
[6,729s][info ][gc,heap] GC(252) Humongous regions: 26->26
[6,729s][debug][gc,heap] GC(252) Heap after GC invocations=252 (full 0):
[6,729s][debug][gc,heap] GC(252)  garbage-first heap   total 32768K, used 29857K [0x00000000fe000000, 0x0000000100000000)
[6,729s][debug][gc,heap] GC(252)   region size 1024K, 0 young (0K), 0 survivors (0K)
[6,729s][debug][gc,heap] GC(252)  Metaspace       used 5861K, committed 6144K, reserved 1114112K
[6,729s][debug][gc,heap] GC(252)   class space    used 660K, committed 768K, reserved 1048576K
[6,729s][debug][gc,heap] GC(253) Heap before GC invocations=252 (full 0):
[6,729s][debug][gc,heap] GC(253)  garbage-first heap   total 32768K, used 29857K [0x00000000fe000000, 0x0000000100000000)
[6,729s][debug][gc,heap] GC(253)   region size 1024K, 1 young (1024K), 0 survivors (0K)
[6,729s][debug][gc,heap] GC(253)  Metaspace       used 5861K, committed 6144K, reserved 1114112K
[6,729s][debug][gc,heap] GC(253)   class space    used 660K, committed 768K, reserved 1048576K
[6,729s][info ][gc,heap] GC(253) Eden regions: 1->0(12)
[6,729s][info ][gc,heap] GC(253) Survivor regions: 0->0(0)
[6,729s][info ][gc,heap] GC(253) Old regions: 3->3
[6,729s][info ][gc,heap] GC(253) Archive regions: 2->2
[6,729s][info ][gc,heap] GC(253) Humongous regions: 26->26
[6,729s][debug][gc,heap] GC(253) Heap after GC invocations=253 (full 0):
[6,729s][debug][gc,heap] GC(253)  garbage-first heap   total 32768K, used 29857K [0x00000000fe000000, 0x0000000100000000)
[6,729s][debug][gc,heap] GC(253)   region size 1024K, 0 young (0K), 0 survivors (0K)
[6,729s][debug][gc,heap] GC(253)  Metaspace       used 5861K, committed 6144K, reserved 1114112K
[6,729s][debug][gc,heap] GC(253)   class space    used 660K, committed 768K, reserved 1048576K
[6,729s][debug][gc,heap] GC(254) Heap before GC invocations=253 (full 0):
[6,729s][debug][gc,heap] GC(254)  garbage-first heap   total 32768K, used 29857K [0x00000000fe000000, 0x0000000100000000)
[6,729s][debug][gc,heap] GC(254)   region size 1024K, 1 young (1024K), 0 survivors (0K)
[6,729s][debug][gc,heap] GC(254)  Metaspace       used 5861K, committed 6144K, reserved 1114112K
[6,729s][debug][gc,heap] GC(254)   class space    used 660K, committed 768K, reserved 1048576K
[6,729s][info ][gc,heap] GC(254) Eden regions: 1->0(12)
[6,729s][info ][gc,heap] GC(254) Survivor regions: 0->0(0)
[6,729s][info ][gc,heap] GC(254) Old regions: 3->3
[6,729s][info ][gc,heap] GC(254) Archive regions: 2->2
[6,729s][info ][gc,heap] GC(254) Humongous regions: 26->26
[6,729s][debug][gc,heap] GC(254) Heap after GC invocations=254 (full 0):
[6,729s][debug][gc,heap] GC(254)  garbage-first heap   total 32768K, used 29857K [0x00000000fe000000, 0x0000000100000000)
[6,729s][debug][gc,heap] GC(254)   region size 1024K, 0 young (0K), 0 survivors (0K)
[6,729s][debug][gc,heap] GC(254)  Metaspace       used 5861K, committed 6144K, reserved 1114112K
[6,729s][debug][gc,heap] GC(254)   class space    used 660K, committed 768K, reserved 1048576K
[6,729s][debug][gc,heap] GC(255) Heap before GC invocations=254 (full 0):
[6,729s][debug][gc,heap] GC(255)  garbage-first heap   total 32768K, used 29857K [0x00000000fe000000, 0x0000000100000000)
[6,729s][debug][gc,heap] GC(255)   region size 1024K, 1 young (1024K), 0 survivors (0K)
[6,729s][debug][gc,heap] GC(255)  Metaspace       used 5861K, committed 6144K, reserved 1114112K
[6,729s][debug][gc,heap] GC(255)   class space    used 660K, committed 768K, reserved 1048576K
[6,729s][info ][gc,heap] GC(255) Eden regions: 1->0(13)
[6,729s][info ][gc,heap] GC(255) Survivor regions: 0->0(0)
[6,729s][info ][gc,heap] GC(255) Old regions: 3->3
[6,729s][info ][gc,heap] GC(255) Archive regions: 2->2
[6,729s][info ][gc,heap] GC(255) Humongous regions: 26->26
[6,729s][debug][gc,heap] GC(255) Heap after GC invocations=255 (full 0):
[6,729s][debug][gc,heap] GC(255)  garbage-first heap   total 32768K, used 29857K [0x00000000fe000000, 0x0000000100000000)
[6,729s][debug][gc,heap] GC(255)   region size 1024K, 0 young (0K), 0 survivors (0K)
[6,729s][debug][gc,heap] GC(255)  Metaspace       used 5861K, committed 6144K, reserved 1114112K
[6,729s][debug][gc,heap] GC(255)   class space    used 660K, committed 768K, reserved 1048576K
[6,729s][debug][gc,heap] GC(256) Heap before GC invocations=255 (full 0):
[6,729s][debug][gc,heap] GC(256)  garbage-first heap   total 32768K, used 29857K [0x00000000fe000000, 0x0000000100000000)
[6,729s][debug][gc,heap] GC(256)   region size 1024K, 1 young (1024K), 0 survivors (0K)
[6,729s][debug][gc,heap] GC(256)  Metaspace       used 5861K, committed 6144K, reserved 1114112K
[6,729s][debug][gc,heap] GC(256)   class space    used 660K, committed 768K, reserved 1048576K
[6,730s][info ][gc,heap] GC(256) Eden regions: 1->0(13)
[6,730s][info ][gc,heap] GC(256) Survivor regions: 0->0(0)
[6,730s][info ][gc,heap] GC(256) Old regions: 3->3
[6,730s][info ][gc,heap] GC(256) Archive regions: 2->2
[6,730s][info ][gc,heap] GC(256) Humongous regions: 26->26
[6,730s][debug][gc,heap] GC(256) Heap after GC invocations=256 (full 0):
[6,730s][debug][gc,heap] GC(256)  garbage-first heap   total 32768K, used 29857K [0x00000000fe000000, 0x0000000100000000)
[6,730s][debug][gc,heap] GC(256)   region size 1024K, 0 young (0K), 0 survivors (0K)
[6,730s][debug][gc,heap] GC(256)  Metaspace       used 5861K, committed 6144K, reserved 1114112K
[6,730s][debug][gc,heap] GC(256)   class space    used 660K, committed 768K, reserved 1048576K
[6,730s][debug][gc,heap] GC(257) Heap before GC invocations=256 (full 0):
[6,730s][debug][gc,heap] GC(257)  garbage-first heap   total 32768K, used 29857K [0x00000000fe000000, 0x0000000100000000)
[6,730s][debug][gc,heap] GC(257)   region size 1024K, 1 young (1024K), 0 survivors (0K)
[6,730s][debug][gc,heap] GC(257)  Metaspace       used 5861K, committed 6144K, reserved 1114112K
[6,730s][debug][gc,heap] GC(257)   class space    used 660K, committed 768K, reserved 1048576K
[6,730s][info ][gc,heap] GC(257) Eden regions: 1->0(13)
[6,730s][info ][gc,heap] GC(257) Survivor regions: 0->0(0)
[6,730s][info ][gc,heap] GC(257) Old regions: 3->3
[6,730s][info ][gc,heap] GC(257) Archive regions: 2->2
[6,730s][info ][gc,heap] GC(257) Humongous regions: 26->26
[6,730s][debug][gc,heap] GC(257) Heap after GC invocations=257 (full 0):
[6,730s][debug][gc,heap] GC(257)  garbage-first heap   total 32768K, used 29857K [0x00000000fe000000, 0x0000000100000000)
[6,730s][debug][gc,heap] GC(257)   region size 1024K, 0 young (0K), 0 survivors (0K)
[6,730s][debug][gc,heap] GC(257)  Metaspace       used 5861K, committed 6144K, reserved 1114112K
[6,730s][debug][gc,heap] GC(257)   class space    used 660K, committed 768K, reserved 1048576K
[6,730s][debug][gc,heap] GC(258) Heap before GC invocations=257 (full 0):
[6,730s][debug][gc,heap] GC(258)  garbage-first heap   total 32768K, used 29857K [0x00000000fe000000, 0x0000000100000000)
[6,730s][debug][gc,heap] GC(258)   region size 1024K, 1 young (1024K), 0 survivors (0K)
[6,730s][debug][gc,heap] GC(258)  Metaspace       used 5861K, committed 6144K, reserved 1114112K
[6,730s][debug][gc,heap] GC(258)   class space    used 660K, committed 768K, reserved 1048576K
[6,730s][info ][gc,heap] GC(258) Eden regions: 1->0(14)
[6,730s][info ][gc,heap] GC(258) Survivor regions: 0->0(0)
[6,730s][info ][gc,heap] GC(258) Old regions: 3->3
[6,730s][info ][gc,heap] GC(258) Archive regions: 2->2
[6,730s][info ][gc,heap] GC(258) Humongous regions: 26->26
[6,730s][debug][gc,heap] GC(258) Heap after GC invocations=258 (full 0):
[6,730s][debug][gc,heap] GC(258)  garbage-first heap   total 32768K, used 29857K [0x00000000fe000000, 0x0000000100000000)
[6,730s][debug][gc,heap] GC(258)   region size 1024K, 0 young (0K), 0 survivors (0K)
[6,730s][debug][gc,heap] GC(258)  Metaspace       used 5861K, committed 6144K, reserved 1114112K
[6,730s][debug][gc,heap] GC(258)   class space    used 660K, committed 768K, reserved 1048576K
[6,730s][debug][gc,heap] GC(259) Heap before GC invocations=258 (full 0):
[6,730s][debug][gc,heap] GC(259)  garbage-first heap   total 32768K, used 29857K [0x00000000fe000000, 0x0000000100000000)
[6,730s][debug][gc,heap] GC(259)   region size 1024K, 1 young (1024K), 0 survivors (0K)
[6,730s][debug][gc,heap] GC(259)  Metaspace       used 5861K, committed 6144K, reserved 1114112K
[6,730s][debug][gc,heap] GC(259)   class space    used 660K, committed 768K, reserved 1048576K
[6,730s][info ][gc,heap] GC(259) Eden regions: 1->0(13)
[6,730s][info ][gc,heap] GC(259) Survivor regions: 0->0(0)
[6,730s][info ][gc,heap] GC(259) Old regions: 3->3
[6,730s][info ][gc,heap] GC(259) Archive regions: 2->2
[6,730s][info ][gc,heap] GC(259) Humongous regions: 26->26
[6,730s][debug][gc,heap] GC(259) Heap after GC invocations=259 (full 0):
[6,730s][debug][gc,heap] GC(259)  garbage-first heap   total 32768K, used 29857K [0x00000000fe000000, 0x0000000100000000)
[6,730s][debug][gc,heap] GC(259)   region size 1024K, 0 young (0K), 0 survivors (0K)
[6,730s][debug][gc,heap] GC(259)  Metaspace       used 5861K, committed 6144K, reserved 1114112K
[6,730s][debug][gc,heap] GC(259)   class space    used 660K, committed 768K, reserved 1048576K
[6,730s][debug][gc,heap] GC(260) Heap before GC invocations=259 (full 0):
[6,730s][debug][gc,heap] GC(260)  garbage-first heap   total 32768K, used 29857K [0x00000000fe000000, 0x0000000100000000)
[6,730s][debug][gc,heap] GC(260)   region size 1024K, 1 young (1024K), 0 survivors (0K)
[6,730s][debug][gc,heap] GC(260)  Metaspace       used 5861K, committed 6144K, reserved 1114112K
[6,730s][debug][gc,heap] GC(260)   class space    used 660K, committed 768K, reserved 1048576K
[6,730s][info ][gc,heap] GC(260) Eden regions: 1->0(13)
[6,730s][info ][gc,heap] GC(260) Survivor regions: 0->0(0)
[6,730s][info ][gc,heap] GC(260) Old regions: 3->3
[6,730s][info ][gc,heap] GC(260) Archive regions: 2->2
[6,730s][info ][gc,heap] GC(260) Humongous regions: 26->26
[6,730s][debug][gc,heap] GC(260) Heap after GC invocations=260 (full 0):
[6,730s][debug][gc,heap] GC(260)  garbage-first heap   total 32768K, used 29857K [0x00000000fe000000, 0x0000000100000000)
[6,730s][debug][gc,heap] GC(260)   region size 1024K, 0 young (0K), 0 survivors (0K)
[6,730s][debug][gc,heap] GC(260)  Metaspace       used 5861K, committed 6144K, reserved 1114112K
[6,730s][debug][gc,heap] GC(260)   class space    used 660K, committed 768K, reserved 1048576K
[6,730s][debug][gc,heap] GC(261) Heap before GC invocations=260 (full 0):
[6,730s][debug][gc,heap] GC(261)  garbage-first heap   total 32768K, used 29857K [0x00000000fe000000, 0x0000000100000000)
[6,730s][debug][gc,heap] GC(261)   region size 1024K, 1 young (1024K), 0 survivors (0K)
[6,730s][debug][gc,heap] GC(261)  Metaspace       used 5861K, committed 6144K, reserved 1114112K
[6,730s][debug][gc,heap] GC(261)   class space    used 660K, committed 768K, reserved 1048576K
[6,730s][info ][gc,heap] GC(261) Eden regions: 1->0(13)
[6,730s][info ][gc,heap] GC(261) Survivor regions: 0->0(0)
[6,730s][info ][gc,heap] GC(261) Old regions: 3->3
[6,730s][info ][gc,heap] GC(261) Archive regions: 2->2
[6,730s][info ][gc,heap] GC(261) Humongous regions: 26->26
[6,730s][debug][gc,heap] GC(261) Heap after GC invocations=261 (full 0):
[6,730s][debug][gc,heap] GC(261)  garbage-first heap   total 32768K, used 29857K [0x00000000fe000000, 0x0000000100000000)
[6,730s][debug][gc,heap] GC(261)   region size 1024K, 0 young (0K), 0 survivors (0K)
[6,730s][debug][gc,heap] GC(261)  Metaspace       used 5861K, committed 6144K, reserved 1114112K
[6,730s][debug][gc,heap] GC(261)   class space    used 660K, committed 768K, reserved 1048576K
[6,730s][debug][gc,heap] GC(262) Heap before GC invocations=261 (full 0):
[6,730s][debug][gc,heap] GC(262)  garbage-first heap   total 32768K, used 29857K [0x00000000fe000000, 0x0000000100000000)
[6,730s][debug][gc,heap] GC(262)   region size 1024K, 1 young (1024K), 0 survivors (0K)
[6,730s][debug][gc,heap] GC(262)  Metaspace       used 5861K, committed 6144K, reserved 1114112K
[6,730s][debug][gc,heap] GC(262)   class space    used 660K, committed 768K, reserved 1048576K
[6,730s][info ][gc,heap] GC(262) Eden regions: 1->0(13)
[6,730s][info ][gc,heap] GC(262) Survivor regions: 0->0(0)
[6,730s][info ][gc,heap] GC(262) Old regions: 3->3
[6,730s][info ][gc,heap] GC(262) Archive regions: 2->2
[6,730s][info ][gc,heap] GC(262) Humongous regions: 26->26
[6,730s][debug][gc,heap] GC(262) Heap after GC invocations=262 (full 0):
[6,730s][debug][gc,heap] GC(262)  garbage-first heap   total 32768K, used 29857K [0x00000000fe000000, 0x0000000100000000)
[6,730s][debug][gc,heap] GC(262)   region size 1024K, 0 young (0K), 0 survivors (0K)
[6,730s][debug][gc,heap] GC(262)  Metaspace       used 5861K, committed 6144K, reserved 1114112K
[6,730s][debug][gc,heap] GC(262)   class space    used 660K, committed 768K, reserved 1048576K
[6,730s][debug][gc,heap] GC(263) Heap before GC invocations=262 (full 0):
[6,730s][debug][gc,heap] GC(263)  garbage-first heap   total 32768K, used 29857K [0x00000000fe000000, 0x0000000100000000)
[6,730s][debug][gc,heap] GC(263)   region size 1024K, 1 young (1024K), 0 survivors (0K)
[6,731s][debug][gc,heap] GC(263)  Metaspace       used 5861K, committed 6144K, reserved 1114112K
[6,731s][debug][gc,heap] GC(263)   class space    used 660K, committed 768K, reserved 1048576K
[6,731s][info ][gc,heap] GC(263) Eden regions: 1->0(13)
[6,731s][info ][gc,heap] GC(263) Survivor regions: 0->0(0)
[6,731s][info ][gc,heap] GC(263) Old regions: 3->3
[6,731s][info ][gc,heap] GC(263) Archive regions: 2->2
[6,731s][info ][gc,heap] GC(263) Humongous regions: 26->26
[6,731s][debug][gc,heap] GC(263) Heap after GC invocations=263 (full 0):
[6,731s][debug][gc,heap] GC(263)  garbage-first heap   total 32768K, used 29857K [0x00000000fe000000, 0x0000000100000000)
[6,731s][debug][gc,heap] GC(263)   region size 1024K, 0 young (0K), 0 survivors (0K)
[6,731s][debug][gc,heap] GC(263)  Metaspace       used 5861K, committed 6144K, reserved 1114112K
[6,731s][debug][gc,heap] GC(263)   class space    used 660K, committed 768K, reserved 1048576K
[6,731s][debug][gc,heap] GC(264) Heap before GC invocations=263 (full 0):
[6,731s][debug][gc,heap] GC(264)  garbage-first heap   total 32768K, used 29857K [0x00000000fe000000, 0x0000000100000000)
[6,731s][debug][gc,heap] GC(264)   region size 1024K, 1 young (1024K), 0 survivors (0K)
[6,731s][debug][gc,heap] GC(264)  Metaspace       used 5861K, committed 6144K, reserved 1114112K
[6,731s][debug][gc,heap] GC(264)   class space    used 660K, committed 768K, reserved 1048576K
[6,731s][info ][gc,heap] GC(264) Eden regions: 1->0(13)
[6,731s][info ][gc,heap] GC(264) Survivor regions: 0->0(0)
[6,731s][info ][gc,heap] GC(264) Old regions: 3->3
[6,731s][info ][gc,heap] GC(264) Archive regions: 2->2
[6,731s][info ][gc,heap] GC(264) Humongous regions: 26->26
[6,731s][debug][gc,heap] GC(264) Heap after GC invocations=264 (full 0):
[6,731s][debug][gc,heap] GC(264)  garbage-first heap   total 32768K, used 29857K [0x00000000fe000000, 0x0000000100000000)
[6,731s][debug][gc,heap] GC(264)   region size 1024K, 0 young (0K), 0 survivors (0K)
[6,731s][debug][gc,heap] GC(264)  Metaspace       used 5861K, committed 6144K, reserved 1114112K
[6,731s][debug][gc,heap] GC(264)   class space    used 660K, committed 768K, reserved 1048576K
[6,731s][debug][gc,heap] GC(265) Heap before GC invocations=264 (full 0):
[6,731s][debug][gc,heap] GC(265)  garbage-first heap   total 32768K, used 29857K [0x00000000fe000000, 0x0000000100000000)
[6,731s][debug][gc,heap] GC(265)   region size 1024K, 1 young (1024K), 0 survivors (0K)
[6,731s][debug][gc,heap] GC(265)  Metaspace       used 5861K, committed 6144K, reserved 1114112K
[6,731s][debug][gc,heap] GC(265)   class space    used 660K, committed 768K, reserved 1048576K
[6,731s][info ][gc,heap] GC(265) Eden regions: 1->0(12)
[6,731s][info ][gc,heap] GC(265) Survivor regions: 0->0(0)
[6,731s][info ][gc,heap] GC(265) Old regions: 3->3
[6,731s][info ][gc,heap] GC(265) Archive regions: 2->2
[6,731s][info ][gc,heap] GC(265) Humongous regions: 26->26
[6,731s][debug][gc,heap] GC(265) Heap after GC invocations=265 (full 0):
[6,731s][debug][gc,heap] GC(265)  garbage-first heap   total 32768K, used 29857K [0x00000000fe000000, 0x0000000100000000)
[6,731s][debug][gc,heap] GC(265)   region size 1024K, 0 young (0K), 0 survivors (0K)
[6,731s][debug][gc,heap] GC(265)  Metaspace       used 5861K, committed 6144K, reserved 1114112K
[6,731s][debug][gc,heap] GC(265)   class space    used 660K, committed 768K, reserved 1048576K
[6,731s][debug][gc,heap] GC(266) Heap before GC invocations=265 (full 0):
[6,731s][debug][gc,heap] GC(266)  garbage-first heap   total 32768K, used 29857K [0x00000000fe000000, 0x0000000100000000)
[6,731s][debug][gc,heap] GC(266)   region size 1024K, 1 young (1024K), 0 survivors (0K)
[6,731s][debug][gc,heap] GC(266)  Metaspace       used 5861K, committed 6144K, reserved 1114112K
[6,731s][debug][gc,heap] GC(266)   class space    used 660K, committed 768K, reserved 1048576K
[6,731s][info ][gc,heap] GC(266) Eden regions: 1->0(12)
[6,731s][info ][gc,heap] GC(266) Survivor regions: 0->0(0)
[6,731s][info ][gc,heap] GC(266) Old regions: 3->3
[6,731s][info ][gc,heap] GC(266) Archive regions: 2->2
[6,731s][info ][gc,heap] GC(266) Humongous regions: 26->26
[6,731s][debug][gc,heap] GC(266) Heap after GC invocations=266 (full 0):
[6,731s][debug][gc,heap] GC(266)  garbage-first heap   total 32768K, used 29857K [0x00000000fe000000, 0x0000000100000000)
[6,731s][debug][gc,heap] GC(266)   region size 1024K, 0 young (0K), 0 survivors (0K)
[6,731s][debug][gc,heap] GC(266)  Metaspace       used 5861K, committed 6144K, reserved 1114112K
[6,731s][debug][gc,heap] GC(266)   class space    used 660K, committed 768K, reserved 1048576K
[6,731s][debug][gc,heap] GC(267) Heap before GC invocations=266 (full 0):
[6,731s][debug][gc,heap] GC(267)  garbage-first heap   total 32768K, used 29857K [0x00000000fe000000, 0x0000000100000000)
[6,731s][debug][gc,heap] GC(267)   region size 1024K, 1 young (1024K), 0 survivors (0K)
[6,731s][debug][gc,heap] GC(267)  Metaspace       used 5861K, committed 6144K, reserved 1114112K
[6,731s][debug][gc,heap] GC(267)   class space    used 660K, committed 768K, reserved 1048576K
[6,731s][info ][gc,heap] GC(267) Eden regions: 1->0(11)
[6,731s][info ][gc,heap] GC(267) Survivor regions: 0->0(0)
[6,731s][info ][gc,heap] GC(267) Old regions: 3->3
[6,731s][info ][gc,heap] GC(267) Archive regions: 2->2
[6,731s][info ][gc,heap] GC(267) Humongous regions: 26->26
[6,731s][debug][gc,heap] GC(267) Heap after GC invocations=267 (full 0):
[6,731s][debug][gc,heap] GC(267)  garbage-first heap   total 32768K, used 29857K [0x00000000fe000000, 0x0000000100000000)
[6,731s][debug][gc,heap] GC(267)   region size 1024K, 0 young (0K), 0 survivors (0K)
[6,731s][debug][gc,heap] GC(267)  Metaspace       used 5861K, committed 6144K, reserved 1114112K
[6,731s][debug][gc,heap] GC(267)   class space    used 660K, committed 768K, reserved 1048576K
[6,731s][debug][gc,heap] GC(268) Heap before GC invocations=267 (full 0):
[6,731s][debug][gc,heap] GC(268)  garbage-first heap   total 32768K, used 29857K [0x00000000fe000000, 0x0000000100000000)
[6,731s][debug][gc,heap] GC(268)   region size 1024K, 1 young (1024K), 0 survivors (0K)
[6,731s][debug][gc,heap] GC(268)  Metaspace       used 5861K, committed 6144K, reserved 1114112K
[6,731s][debug][gc,heap] GC(268)   class space    used 660K, committed 768K, reserved 1048576K
[6,731s][info ][gc,heap] GC(268) Eden regions: 1->0(12)
[6,731s][info ][gc,heap] GC(268) Survivor regions: 0->0(0)
[6,731s][info ][gc,heap] GC(268) Old regions: 3->3
[6,731s][info ][gc,heap] GC(268) Archive regions: 2->2
[6,731s][info ][gc,heap] GC(268) Humongous regions: 26->26
[6,731s][debug][gc,heap] GC(268) Heap after GC invocations=268 (full 0):
[6,731s][debug][gc,heap] GC(268)  garbage-first heap   total 32768K, used 29857K [0x00000000fe000000, 0x0000000100000000)
[6,731s][debug][gc,heap] GC(268)   region size 1024K, 0 young (0K), 0 survivors (0K)
[6,731s][debug][gc,heap] GC(268)  Metaspace       used 5861K, committed 6144K, reserved 1114112K
[6,731s][debug][gc,heap] GC(268)   class space    used 660K, committed 768K, reserved 1048576K
[6,732s][debug][gc,heap] GC(269) Heap before GC invocations=268 (full 0):
[6,732s][debug][gc,heap] GC(269)  garbage-first heap   total 32768K, used 29857K [0x00000000fe000000, 0x0000000100000000)
[6,732s][debug][gc,heap] GC(269)   region size 1024K, 1 young (1024K), 0 survivors (0K)
[6,732s][debug][gc,heap] GC(269)  Metaspace       used 5861K, committed 6144K, reserved 1114112K
[6,732s][debug][gc,heap] GC(269)   class space    used 660K, committed 768K, reserved 1048576K
[6,732s][info ][gc,heap] GC(269) Eden regions: 1->0(12)
[6,732s][info ][gc,heap] GC(269) Survivor regions: 0->0(0)
[6,732s][info ][gc,heap] GC(269) Old regions: 3->3
[6,732s][info ][gc,heap] GC(269) Archive regions: 2->2
[6,732s][info ][gc,heap] GC(269) Humongous regions: 26->26
[6,732s][debug][gc,heap] GC(269) Heap after GC invocations=269 (full 0):
[6,732s][debug][gc,heap] GC(269)  garbage-first heap   total 32768K, used 29857K [0x00000000fe000000, 0x0000000100000000)
[6,732s][debug][gc,heap] GC(269)   region size 1024K, 0 young (0K), 0 survivors (0K)
[6,732s][debug][gc,heap] GC(269)  Metaspace       used 5861K, committed 6144K, reserved 1114112K
[6,732s][debug][gc,heap] GC(269)   class space    used 660K, committed 768K, reserved 1048576K
[6,732s][debug][gc,heap] GC(270) Heap before GC invocations=269 (full 0):
[6,732s][debug][gc,heap] GC(270)  garbage-first heap   total 32768K, used 29857K [0x00000000fe000000, 0x0000000100000000)
[6,732s][debug][gc,heap] GC(270)   region size 1024K, 1 young (1024K), 0 survivors (0K)
[6,732s][debug][gc,heap] GC(270)  Metaspace       used 5861K, committed 6144K, reserved 1114112K
[6,732s][debug][gc,heap] GC(270)   class space    used 660K, committed 768K, reserved 1048576K
[6,732s][info ][gc,heap] GC(270) Eden regions: 1->0(13)
[6,732s][info ][gc,heap] GC(270) Survivor regions: 0->0(0)
[6,732s][info ][gc,heap] GC(270) Old regions: 3->3
[6,732s][info ][gc,heap] GC(270) Archive regions: 2->2
[6,732s][info ][gc,heap] GC(270) Humongous regions: 26->26
[6,732s][debug][gc,heap] GC(270) Heap after GC invocations=270 (full 0):
[6,732s][debug][gc,heap] GC(270)  garbage-first heap   total 32768K, used 29857K [0x00000000fe000000, 0x0000000100000000)
[6,732s][debug][gc,heap] GC(270)   region size 1024K, 0 young (0K), 0 survivors (0K)
[6,732s][debug][gc,heap] GC(270)  Metaspace       used 5861K, committed 6144K, reserved 1114112K
[6,732s][debug][gc,heap] GC(270)   class space    used 660K, committed 768K, reserved 1048576K
[6,732s][debug][gc,heap] GC(271) Heap before GC invocations=270 (full 0):
[6,732s][debug][gc,heap] GC(271)  garbage-first heap   total 32768K, used 29857K [0x00000000fe000000, 0x0000000100000000)
[6,732s][debug][gc,heap] GC(271)   region size 1024K, 1 young (1024K), 0 survivors (0K)
[6,732s][debug][gc,heap] GC(271)  Metaspace       used 5861K, committed 6144K, reserved 1114112K
[6,732s][debug][gc,heap] GC(271)   class space    used 660K, committed 768K, reserved 1048576K
[6,732s][info ][gc,heap] GC(271) Eden regions: 1->0(13)
[6,732s][info ][gc,heap] GC(271) Survivor regions: 0->0(0)
[6,732s][info ][gc,heap] GC(271) Old regions: 3->3
[6,732s][info ][gc,heap] GC(271) Archive regions: 2->2
[6,732s][info ][gc,heap] GC(271) Humongous regions: 26->26
[6,732s][debug][gc,heap] GC(271) Heap after GC invocations=271 (full 0):
[6,732s][debug][gc,heap] GC(271)  garbage-first heap   total 32768K, used 29857K [0x00000000fe000000, 0x0000000100000000)
[6,732s][debug][gc,heap] GC(271)   region size 1024K, 0 young (0K), 0 survivors (0K)
[6,732s][debug][gc,heap] GC(271)  Metaspace       used 5861K, committed 6144K, reserved 1114112K
[6,732s][debug][gc,heap] GC(271)   class space    used 660K, committed 768K, reserved 1048576K
[6,732s][debug][gc,heap] GC(272) Heap before GC invocations=271 (full 0):
[6,732s][debug][gc,heap] GC(272)  garbage-first heap   total 32768K, used 29857K [0x00000000fe000000, 0x0000000100000000)
[6,732s][debug][gc,heap] GC(272)   region size 1024K, 1 young (1024K), 0 survivors (0K)
[6,732s][debug][gc,heap] GC(272)  Metaspace       used 5861K, committed 6144K, reserved 1114112K
[6,732s][debug][gc,heap] GC(272)   class space    used 660K, committed 768K, reserved 1048576K
[6,732s][info ][gc,heap] GC(272) Eden regions: 1->0(13)
[6,732s][info ][gc,heap] GC(272) Survivor regions: 0->0(0)
[6,732s][info ][gc,heap] GC(272) Old regions: 3->3
[6,732s][info ][gc,heap] GC(272) Archive regions: 2->2
[6,732s][info ][gc,heap] GC(272) Humongous regions: 26->26
[6,732s][debug][gc,heap] GC(272) Heap after GC invocations=272 (full 0):
[6,732s][debug][gc,heap] GC(272)  garbage-first heap   total 32768K, used 29857K [0x00000000fe000000, 0x0000000100000000)
[6,732s][debug][gc,heap] GC(272)   region size 1024K, 0 young (0K), 0 survivors (0K)
[6,732s][debug][gc,heap] GC(272)  Metaspace       used 5861K, committed 6144K, reserved 1114112K
[6,732s][debug][gc,heap] GC(272)   class space    used 660K, committed 768K, reserved 1048576K
[6,732s][debug][gc,heap] GC(273) Heap before GC invocations=272 (full 0):
[6,732s][debug][gc,heap] GC(273)  garbage-first heap   total 32768K, used 29857K [0x00000000fe000000, 0x0000000100000000)
[6,732s][debug][gc,heap] GC(273)   region size 1024K, 1 young (1024K), 0 survivors (0K)
[6,732s][debug][gc,heap] GC(273)  Metaspace       used 5861K, committed 6144K, reserved 1114112K
[6,732s][debug][gc,heap] GC(273)   class space    used 660K, committed 768K, reserved 1048576K
[6,732s][info ][gc,heap] GC(273) Eden regions: 1->0(13)
[6,732s][info ][gc,heap] GC(273) Survivor regions: 0->0(0)
[6,732s][info ][gc,heap] GC(273) Old regions: 3->3
[6,732s][info ][gc,heap] GC(273) Archive regions: 2->2
[6,732s][info ][gc,heap] GC(273) Humongous regions: 26->26
[6,732s][debug][gc,heap] GC(273) Heap after GC invocations=273 (full 0):
[6,732s][debug][gc,heap] GC(273)  garbage-first heap   total 32768K, used 29857K [0x00000000fe000000, 0x0000000100000000)
[6,732s][debug][gc,heap] GC(273)   region size 1024K, 0 young (0K), 0 survivors (0K)
[6,732s][debug][gc,heap] GC(273)  Metaspace       used 5861K, committed 6144K, reserved 1114112K
[6,732s][debug][gc,heap] GC(273)   class space    used 660K, committed 768K, reserved 1048576K
[6,732s][debug][gc,heap] GC(274) Heap before GC invocations=273 (full 0):
[6,732s][debug][gc,heap] GC(274)  garbage-first heap   total 32768K, used 29857K [0x00000000fe000000, 0x0000000100000000)
[6,732s][debug][gc,heap] GC(274)   region size 1024K, 1 young (1024K), 0 survivors (0K)
[6,732s][debug][gc,heap] GC(274)  Metaspace       used 5861K, committed 6144K, reserved 1114112K
[6,732s][debug][gc,heap] GC(274)   class space    used 660K, committed 768K, reserved 1048576K
[6,732s][info ][gc,heap] GC(274) Eden regions: 1->0(13)
[6,732s][info ][gc,heap] GC(274) Survivor regions: 0->0(0)
[6,732s][info ][gc,heap] GC(274) Old regions: 3->3
[6,732s][info ][gc,heap] GC(274) Archive regions: 2->2
[6,732s][info ][gc,heap] GC(274) Humongous regions: 26->26
[6,732s][debug][gc,heap] GC(274) Heap after GC invocations=274 (full 0):
[6,732s][debug][gc,heap] GC(274)  garbage-first heap   total 32768K, used 29857K [0x00000000fe000000, 0x0000000100000000)
[6,732s][debug][gc,heap] GC(274)   region size 1024K, 0 young (0K), 0 survivors (0K)
[6,732s][debug][gc,heap] GC(274)  Metaspace       used 5861K, committed 6144K, reserved 1114112K
[6,732s][debug][gc,heap] GC(274)   class space    used 660K, committed 768K, reserved 1048576K
[6,732s][debug][gc,heap] GC(275) Heap before GC invocations=274 (full 0):
[6,732s][debug][gc,heap] GC(275)  garbage-first heap   total 32768K, used 29857K [0x00000000fe000000, 0x0000000100000000)
[6,732s][debug][gc,heap] GC(275)   region size 1024K, 1 young (1024K), 0 survivors (0K)
[6,732s][debug][gc,heap] GC(275)  Metaspace       used 5861K, committed 6144K, reserved 1114112K
[6,732s][debug][gc,heap] GC(275)   class space    used 660K, committed 768K, reserved 1048576K
[6,733s][info ][gc,heap] GC(275) Eden regions: 1->0(13)
[6,733s][info ][gc,heap] GC(275) Survivor regions: 0->0(0)
[6,733s][info ][gc,heap] GC(275) Old regions: 3->3
[6,733s][info ][gc,heap] GC(275) Archive regions: 2->2
[6,733s][info ][gc,heap] GC(275) Humongous regions: 26->26
[6,733s][debug][gc,heap] GC(275) Heap after GC invocations=275 (full 0):
[6,733s][debug][gc,heap] GC(275)  garbage-first heap   total 32768K, used 29857K [0x00000000fe000000, 0x0000000100000000)
[6,733s][debug][gc,heap] GC(275)   region size 1024K, 0 young (0K), 0 survivors (0K)
[6,733s][debug][gc,heap] GC(275)  Metaspace       used 5861K, committed 6144K, reserved 1114112K
[6,733s][debug][gc,heap] GC(275)   class space    used 660K, committed 768K, reserved 1048576K
[6,733s][debug][gc,heap] GC(276) Heap before GC invocations=275 (full 0):
[6,733s][debug][gc,heap] GC(276)  garbage-first heap   total 32768K, used 29857K [0x00000000fe000000, 0x0000000100000000)
[6,733s][debug][gc,heap] GC(276)   region size 1024K, 1 young (1024K), 0 survivors (0K)
[6,733s][debug][gc,heap] GC(276)  Metaspace       used 5861K, committed 6144K, reserved 1114112K
[6,733s][debug][gc,heap] GC(276)   class space    used 660K, committed 768K, reserved 1048576K
[6,733s][info ][gc,heap] GC(276) Eden regions: 1->0(12)
[6,733s][info ][gc,heap] GC(276) Survivor regions: 0->0(0)
[6,733s][info ][gc,heap] GC(276) Old regions: 3->3
[6,733s][info ][gc,heap] GC(276) Archive regions: 2->2
[6,733s][info ][gc,heap] GC(276) Humongous regions: 26->26
[6,733s][debug][gc,heap] GC(276) Heap after GC invocations=276 (full 0):
[6,733s][debug][gc,heap] GC(276)  garbage-first heap   total 32768K, used 29857K [0x00000000fe000000, 0x0000000100000000)
[6,733s][debug][gc,heap] GC(276)   region size 1024K, 0 young (0K), 0 survivors (0K)
[6,733s][debug][gc,heap] GC(276)  Metaspace       used 5861K, committed 6144K, reserved 1114112K
[6,733s][debug][gc,heap] GC(276)   class space    used 660K, committed 768K, reserved 1048576K
[6,733s][debug][gc,heap] GC(277) Heap before GC invocations=276 (full 0):
[6,733s][debug][gc,heap] GC(277)  garbage-first heap   total 32768K, used 29857K [0x00000000fe000000, 0x0000000100000000)
[6,733s][debug][gc,heap] GC(277)   region size 1024K, 1 young (1024K), 0 survivors (0K)
[6,733s][debug][gc,heap] GC(277)  Metaspace       used 5861K, committed 6144K, reserved 1114112K
[6,733s][debug][gc,heap] GC(277)   class space    used 660K, committed 768K, reserved 1048576K
[6,733s][info ][gc,heap] GC(277) Eden regions: 1->0(12)
[6,733s][info ][gc,heap] GC(277) Survivor regions: 0->0(0)
[6,733s][info ][gc,heap] GC(277) Old regions: 3->3
[6,733s][info ][gc,heap] GC(277) Archive regions: 2->2
[6,733s][info ][gc,heap] GC(277) Humongous regions: 26->26
[6,733s][debug][gc,heap] GC(277) Heap after GC invocations=277 (full 0):
[6,733s][debug][gc,heap] GC(277)  garbage-first heap   total 32768K, used 29857K [0x00000000fe000000, 0x0000000100000000)
[6,733s][debug][gc,heap] GC(277)   region size 1024K, 0 young (0K), 0 survivors (0K)
[6,733s][debug][gc,heap] GC(277)  Metaspace       used 5861K, committed 6144K, reserved 1114112K
[6,733s][debug][gc,heap] GC(277)   class space    used 660K, committed 768K, reserved 1048576K
[6,733s][debug][gc,heap] GC(278) Heap before GC invocations=277 (full 0):
[6,733s][debug][gc,heap] GC(278)  garbage-first heap   total 32768K, used 29857K [0x00000000fe000000, 0x0000000100000000)
[6,733s][debug][gc,heap] GC(278)   region size 1024K, 1 young (1024K), 0 survivors (0K)
[6,733s][debug][gc,heap] GC(278)  Metaspace       used 5861K, committed 6144K, reserved 1114112K
[6,733s][debug][gc,heap] GC(278)   class space    used 660K, committed 768K, reserved 1048576K
[6,733s][info ][gc,heap] GC(278) Eden regions: 1->0(11)
[6,733s][info ][gc,heap] GC(278) Survivor regions: 0->0(0)
[6,733s][info ][gc,heap] GC(278) Old regions: 3->3
[6,733s][info ][gc,heap] GC(278) Archive regions: 2->2
[6,733s][info ][gc,heap] GC(278) Humongous regions: 26->26
[6,733s][debug][gc,heap] GC(278) Heap after GC invocations=278 (full 0):
[6,733s][debug][gc,heap] GC(278)  garbage-first heap   total 32768K, used 29857K [0x00000000fe000000, 0x0000000100000000)
[6,733s][debug][gc,heap] GC(278)   region size 1024K, 0 young (0K), 0 survivors (0K)
[6,733s][debug][gc,heap] GC(278)  Metaspace       used 5861K, committed 6144K, reserved 1114112K
[6,733s][debug][gc,heap] GC(278)   class space    used 660K, committed 768K, reserved 1048576K
[6,733s][debug][gc,heap] GC(279) Heap before GC invocations=278 (full 0):
[6,733s][debug][gc,heap] GC(279)  garbage-first heap   total 32768K, used 29857K [0x00000000fe000000, 0x0000000100000000)
[6,733s][debug][gc,heap] GC(279)   region size 1024K, 1 young (1024K), 0 survivors (0K)
[6,733s][debug][gc,heap] GC(279)  Metaspace       used 5861K, committed 6144K, reserved 1114112K
[6,733s][debug][gc,heap] GC(279)   class space    used 660K, committed 768K, reserved 1048576K
[6,733s][info ][gc,heap] GC(279) Eden regions: 1->0(11)
[6,733s][info ][gc,heap] GC(279) Survivor regions: 0->0(0)
[6,733s][info ][gc,heap] GC(279) Old regions: 3->3
[6,733s][info ][gc,heap] GC(279) Archive regions: 2->2
[6,733s][info ][gc,heap] GC(279) Humongous regions: 26->26
[6,733s][debug][gc,heap] GC(279) Heap after GC invocations=279 (full 0):
[6,733s][debug][gc,heap] GC(279)  garbage-first heap   total 32768K, used 29857K [0x00000000fe000000, 0x0000000100000000)
[6,733s][debug][gc,heap] GC(279)   region size 1024K, 0 young (0K), 0 survivors (0K)
[6,733s][debug][gc,heap] GC(279)  Metaspace       used 5861K, committed 6144K, reserved 1114112K
[6,733s][debug][gc,heap] GC(279)   class space    used 660K, committed 768K, reserved 1048576K
[6,733s][debug][gc,heap] GC(280) Heap before GC invocations=279 (full 0):
[6,733s][debug][gc,heap] GC(280)  garbage-first heap   total 32768K, used 29857K [0x00000000fe000000, 0x0000000100000000)
[6,733s][debug][gc,heap] GC(280)   region size 1024K, 1 young (1024K), 0 survivors (0K)
[6,733s][debug][gc,heap] GC(280)  Metaspace       used 5861K, committed 6144K, reserved 1114112K
[6,733s][debug][gc,heap] GC(280)   class space    used 660K, committed 768K, reserved 1048576K
[6,733s][info ][gc,heap] GC(280) Eden regions: 1->0(12)
[6,733s][info ][gc,heap] GC(280) Survivor regions: 0->0(0)
[6,733s][info ][gc,heap] GC(280) Old regions: 3->3
[6,733s][info ][gc,heap] GC(280) Archive regions: 2->2
[6,733s][info ][gc,heap] GC(280) Humongous regions: 26->26
[6,733s][debug][gc,heap] GC(280) Heap after GC invocations=280 (full 0):
[6,733s][debug][gc,heap] GC(280)  garbage-first heap   total 32768K, used 29857K [0x00000000fe000000, 0x0000000100000000)
[6,733s][debug][gc,heap] GC(280)   region size 1024K, 0 young (0K), 0 survivors (0K)
[6,733s][debug][gc,heap] GC(280)  Metaspace       used 5861K, committed 6144K, reserved 1114112K
[6,733s][debug][gc,heap] GC(280)   class space    used 660K, committed 768K, reserved 1048576K
[6,733s][debug][gc,heap] GC(281) Heap before GC invocations=280 (full 0):
[6,733s][debug][gc,heap] GC(281)  garbage-first heap   total 32768K, used 29857K [0x00000000fe000000, 0x0000000100000000)
[6,733s][debug][gc,heap] GC(281)   region size 1024K, 0 young (0K), 0 survivors (0K)
[6,733s][debug][gc,heap] GC(281)  Metaspace       used 5861K, committed 6144K, reserved 1114112K
[6,733s][debug][gc,heap] GC(281)   class space    used 660K, committed 768K, reserved 1048576K
[6,737s][info ][gc,heap] GC(281) Eden regions: 0->0(1)
[6,737s][info ][gc,heap] GC(281) Survivor regions: 0->0(0)
[6,737s][info ][gc,heap] GC(281) Old regions: 3->3
[6,737s][info ][gc,heap] GC(281) Archive regions: 2->2
[6,737s][info ][gc,heap] GC(281) Humongous regions: 26->26
[6,737s][debug][gc,heap] GC(281) Heap after GC invocations=281 (full 1):
[6,737s][debug][gc,heap] GC(281)  garbage-first heap   total 32768K, used 29636K [0x00000000fe000000, 0x0000000100000000)
[6,737s][debug][gc,heap] GC(281)   region size 1024K, 0 young (0K), 0 survivors (0K)
[6,737s][debug][gc,heap] GC(281)  Metaspace       used 5861K, committed 6144K, reserved 1114112K
[6,737s][debug][gc,heap] GC(281)   class space    used 660K, committed 768K, reserved 1048576K
[6,737s][debug][gc,heap] GC(282) Heap before GC invocations=281 (full 1):
[6,737s][debug][gc,heap] GC(282)  garbage-first heap   total 32768K, used 29636K [0x00000000fe000000, 0x0000000100000000)
[6,737s][debug][gc,heap] GC(282)   region size 1024K, 0 young (0K), 0 survivors (0K)
[6,737s][debug][gc,heap] GC(282)  Metaspace       used 5861K, committed 6144K, reserved 1114112K
[6,737s][debug][gc,heap] GC(282)   class space    used 660K, committed 768K, reserved 1048576K
[6,741s][info ][gc,heap] GC(282) Eden regions: 0->0(1)
[6,741s][info ][gc,heap] GC(282) Survivor regions: 0->0(0)
[6,741s][info ][gc,heap] GC(282) Old regions: 3->3
[6,741s][info ][gc,heap] GC(282) Archive regions: 2->2
[6,741s][info ][gc,heap] GC(282) Humongous regions: 26->26
[6,741s][debug][gc,heap] GC(282) Heap after GC invocations=282 (full 2):
[6,741s][debug][gc,heap] GC(282)  garbage-first heap   total 32768K, used 29615K [0x00000000fe000000, 0x0000000100000000)
[6,741s][debug][gc,heap] GC(282)   region size 1024K, 0 young (0K), 0 survivors (0K)
[6,741s][debug][gc,heap] GC(282)  Metaspace       used 5822K, committed 6144K, reserved 1114112K
[6,741s][debug][gc,heap] GC(282)   class space    used 654K, committed 768K, reserved 1048576K
